-- ********************************
-- Generated using command:
-- pg_dump -d restnetwork -f import.sql --column-inserts --data-only --exclude-table=shift
-- *******************************
-- PostgreSQL database dump
--

-- Dumped from database version 10.5
-- Dumped by pg_dump version 10.5

SET statement_timeout = 0;
SET lock_timeout = 0;
SET idle_in_transaction_session_timeout = 0;
SET client_encoding = 'UTF8';
SET standard_conforming_strings = on;
SELECT pg_catalog.set_config('search_path', '', false);
SET check_function_bodies = false;
SET client_min_messages = warning;
SET row_security = off;

--
-- Data for Name: restaurant; Type: TABLE DATA; Schema: public; Owner: restnetwork
--

INSERT INTO public.restaurant (id, address, name, starting_hour, closing_hour, zone_offset) VALUES (1, 'Gor''kovskiy avenue 3', 'Los Angeles Cafe', 10, 0, '+03:00');
INSERT INTO public.restaurant (id, address, name, starting_hour, closing_hour, zone_offset) VALUES (2, 'Kronverkskiy boulevard 4', 'San Francisco Restaurant', 10, 0, '+03:00');
INSERT INTO public.restaurant (id, address, name, starting_hour, closing_hour, zone_offset) VALUES (4, 'Karl Marks street 6', 'Santa Barbara Bakery', 10, 0, '+03:00');
INSERT INTO public.restaurant (id, address, name, starting_hour, closing_hour, zone_offset) VALUES (3, 'Lenina ave 5', 'Las Vegas Bistro', 10, 0, '+03:00');
INSERT INTO public.restaurant (id, address, name, starting_hour, closing_hour, zone_offset) VALUES (5, 'Max Karl square 7', 'New York Snack Bar', 10, 0, '+03:00');
INSERT INTO public.restaurant (id, address, name, starting_hour, closing_hour, zone_offset) VALUES (6, 'Angels hall 8', 'Fort Collins Tavern', 10, 0, '+03:00');
INSERT INTO public.restaurant (id, address, name, starting_hour, closing_hour, zone_offset) VALUES (7, 'Moonshine park 9', 'Mount Vernon Teahouse', 10, 0, '+03:00');
INSERT INTO public.restaurant (id, address, name, starting_hour, closing_hour, zone_offset) VALUES (8, 'Rome mall 10', 'Saint Peter Coffeehouse', 10, 0, '+03:00');
INSERT INTO public.restaurant (id, address, name, starting_hour, closing_hour, zone_offset) VALUES (9, 'Vinyl st. 11', 'Little Rock Sweetshop', 10, 0, '+03:00');
INSERT INTO public.restaurant (id, address, name, starting_hour, closing_hour, zone_offset) VALUES (10, 'Vanilla station 12', 'El Paso Steakhouse', 10, 0, '+03:00');
INSERT INTO public.restaurant (id, address, name, starting_hour, closing_hour, zone_offset) VALUES (11, 'Gor''kovskiy avenue 4', 'Los Angeles Restaurant', 10, 0, '+03:00');
INSERT INTO public.restaurant (id, address, name, starting_hour, closing_hour, zone_offset) VALUES (12, 'Kronverkskiy boulevard 5', 'San Francisco Bistro', 10, 0, '+03:00');
INSERT INTO public.restaurant (id, address, name, starting_hour, closing_hour, zone_offset) VALUES (13, 'Lenina ave 6', 'Las Vegas Bakery', 10, 0, '+03:00');
INSERT INTO public.restaurant (id, address, name, starting_hour, closing_hour, zone_offset) VALUES (14, 'Karl Marks street 7', 'Santa Barbara Snack Bar', 10, 0, '+03:00');
INSERT INTO public.restaurant (id, address, name, starting_hour, closing_hour, zone_offset) VALUES (15, 'Max Karl square 8', 'New York Tavern', 10, 0, '+03:00');
INSERT INTO public.restaurant (id, address, name, starting_hour, closing_hour, zone_offset) VALUES (16, 'Angels hall 9', 'Fort Collins Teahouse', 10, 0, '+03:00');
INSERT INTO public.restaurant (id, address, name, starting_hour, closing_hour, zone_offset) VALUES (17, 'Moonshine park 10', 'Mount Vernon Coffeehouse', 10, 0, '+03:00');
INSERT INTO public.restaurant (id, address, name, starting_hour, closing_hour, zone_offset) VALUES (18, 'Rome mall 11', 'Saint Peter Sweetshop', 10, 0, '+03:00');
INSERT INTO public.restaurant (id, address, name, starting_hour, closing_hour, zone_offset) VALUES (19, 'Vinyl st. 12', 'Little Rock Steakhouse', 10, 0, '+03:00');
INSERT INTO public.restaurant (id, address, name, starting_hour, closing_hour, zone_offset) VALUES (20, 'Vanilla station 3', 'El Paso Cafe', 10, 0, '+03:00');


--
-- Data for Name: cook; Type: TABLE DATA; Schema: public; Owner: restnetwork
--

INSERT INTO public.cook (id, available_hours_per_day, preferred_hours_per_day, available_early_shifts, available_late_shifts, week_days, work_days, full_name, restaurant_id) VALUES (21, 7, 6, false, true, 2, 2, 'Amy O. Cole', 1);
INSERT INTO public.cook (id, available_hours_per_day, preferred_hours_per_day, available_early_shifts, available_late_shifts, week_days, work_days, full_name, restaurant_id) VALUES (22, 7, 5, false, false, 2, 5, 'Beth P. Fox', 1);
INSERT INTO public.cook (id, available_hours_per_day, preferred_hours_per_day, available_early_shifts, available_late_shifts, week_days, work_days, full_name, restaurant_id) VALUES (23, 8, 7, false, false, 2, 5, 'Chad Q. Green', 1);
INSERT INTO public.cook (id, available_hours_per_day, preferred_hours_per_day, available_early_shifts, available_late_shifts, week_days, work_days, full_name, restaurant_id) VALUES (24, 8, 8, true, false, 2, 5, 'Dan R. Jones', 1);
INSERT INTO public.cook (id, available_hours_per_day, preferred_hours_per_day, available_early_shifts, available_late_shifts, week_days, work_days, full_name, restaurant_id) VALUES (25, 4, 6, true, true, 2, 5, 'Elsa S. King', 1);
INSERT INTO public.cook (id, available_hours_per_day, preferred_hours_per_day, available_early_shifts, available_late_shifts, week_days, work_days, full_name, restaurant_id) VALUES (26, 7, 8, false, false, 2, 5, 'Flo T. Li', 1);
INSERT INTO public.cook (id, available_hours_per_day, preferred_hours_per_day, available_early_shifts, available_late_shifts, week_days, work_days, full_name, restaurant_id) VALUES (27, 5, 5, false, false, 2, 5, 'Gus U. Poe', 1);
INSERT INTO public.cook (id, available_hours_per_day, preferred_hours_per_day, available_early_shifts, available_late_shifts, week_days, work_days, full_name, restaurant_id) VALUES (28, 5, 6, false, true, 2, 2, 'Hugo V. Rye', 1);
INSERT INTO public.cook (id, available_hours_per_day, preferred_hours_per_day, available_early_shifts, available_late_shifts, week_days, work_days, full_name, restaurant_id) VALUES (29, 10, 5, false, true, 2, 5, 'Ivy W. Smith', 1);
INSERT INTO public.cook (id, available_hours_per_day, preferred_hours_per_day, available_early_shifts, available_late_shifts, week_days, work_days, full_name, restaurant_id) VALUES (30, 5, 5, true, true, 2, 2, 'Jay X. Watt', 1);
INSERT INTO public.cook (id, available_hours_per_day, preferred_hours_per_day, available_early_shifts, available_late_shifts, week_days, work_days, full_name, restaurant_id) VALUES (31, 10, 4, true, true, 2, 5, 'Amy O. Fox', 1);
INSERT INTO public.cook (id, available_hours_per_day, preferred_hours_per_day, available_early_shifts, available_late_shifts, week_days, work_days, full_name, restaurant_id) VALUES (32, 5, 9, false, true, 2, 5, 'Beth P. Green', 1);
INSERT INTO public.cook (id, available_hours_per_day, preferred_hours_per_day, available_early_shifts, available_late_shifts, week_days, work_days, full_name, restaurant_id) VALUES (33, 4, 8, false, false, 2, 2, 'Chad Q. Jones', 1);
INSERT INTO public.cook (id, available_hours_per_day, preferred_hours_per_day, available_early_shifts, available_late_shifts, week_days, work_days, full_name, restaurant_id) VALUES (34, 6, 4, false, false, 2, 2, 'Dan R. King', 1);
INSERT INTO public.cook (id, available_hours_per_day, preferred_hours_per_day, available_early_shifts, available_late_shifts, week_days, work_days, full_name, restaurant_id) VALUES (35, 7, 7, true, false, 2, 5, 'Elsa S. Li', 1);
INSERT INTO public.cook (id, available_hours_per_day, preferred_hours_per_day, available_early_shifts, available_late_shifts, week_days, work_days, full_name, restaurant_id) VALUES (36, 10, 6, true, false, 2, 5, 'Flo T. Poe', 1);
INSERT INTO public.cook (id, available_hours_per_day, preferred_hours_per_day, available_early_shifts, available_late_shifts, week_days, work_days, full_name, restaurant_id) VALUES (37, 7, 10, false, true, 2, 5, 'Gus U. Rye', 2);
INSERT INTO public.cook (id, available_hours_per_day, preferred_hours_per_day, available_early_shifts, available_late_shifts, week_days, work_days, full_name, restaurant_id) VALUES (38, 8, 6, true, true, 2, 2, 'Hugo V. Smith', 2);
INSERT INTO public.cook (id, available_hours_per_day, preferred_hours_per_day, available_early_shifts, available_late_shifts, week_days, work_days, full_name, restaurant_id) VALUES (39, 8, 6, false, true, 2, 5, 'Ivy W. Watt', 2);
INSERT INTO public.cook (id, available_hours_per_day, preferred_hours_per_day, available_early_shifts, available_late_shifts, week_days, work_days, full_name, restaurant_id) VALUES (40, 4, 4, false, false, 2, 2, 'Jay X. Cole', 2);
INSERT INTO public.cook (id, available_hours_per_day, preferred_hours_per_day, available_early_shifts, available_late_shifts, week_days, work_days, full_name, restaurant_id) VALUES (41, 7, 4, false, true, 2, 5, 'Amy O. Green', 2);
INSERT INTO public.cook (id, available_hours_per_day, preferred_hours_per_day, available_early_shifts, available_late_shifts, week_days, work_days, full_name, restaurant_id) VALUES (42, 8, 7, true, true, 2, 5, 'Beth P. Jones', 2);
INSERT INTO public.cook (id, available_hours_per_day, preferred_hours_per_day, available_early_shifts, available_late_shifts, week_days, work_days, full_name, restaurant_id) VALUES (43, 10, 9, false, true, 2, 2, 'Chad Q. King', 2);
INSERT INTO public.cook (id, available_hours_per_day, preferred_hours_per_day, available_early_shifts, available_late_shifts, week_days, work_days, full_name, restaurant_id) VALUES (44, 5, 4, true, false, 2, 5, 'Dan R. Li', 2);
INSERT INTO public.cook (id, available_hours_per_day, preferred_hours_per_day, available_early_shifts, available_late_shifts, week_days, work_days, full_name, restaurant_id) VALUES (45, 6, 9, true, true, 2, 2, 'Elsa S. Poe', 2);
INSERT INTO public.cook (id, available_hours_per_day, preferred_hours_per_day, available_early_shifts, available_late_shifts, week_days, work_days, full_name, restaurant_id) VALUES (46, 7, 4, false, false, 2, 5, 'Flo T. Rye', 2);
INSERT INTO public.cook (id, available_hours_per_day, preferred_hours_per_day, available_early_shifts, available_late_shifts, week_days, work_days, full_name, restaurant_id) VALUES (47, 7, 10, false, false, 2, 5, 'Gus U. Smith', 2);
INSERT INTO public.cook (id, available_hours_per_day, preferred_hours_per_day, available_early_shifts, available_late_shifts, week_days, work_days, full_name, restaurant_id) VALUES (48, 7, 6, false, false, 2, 2, 'Hugo V. Watt', 2);
INSERT INTO public.cook (id, available_hours_per_day, preferred_hours_per_day, available_early_shifts, available_late_shifts, week_days, work_days, full_name, restaurant_id) VALUES (49, 5, 10, false, true, 2, 2, 'Ivy W. Cole', 2);
INSERT INTO public.cook (id, available_hours_per_day, preferred_hours_per_day, available_early_shifts, available_late_shifts, week_days, work_days, full_name, restaurant_id) VALUES (50, 8, 6, false, false, 2, 2, 'Jay X. Fox', 2);
INSERT INTO public.cook (id, available_hours_per_day, preferred_hours_per_day, available_early_shifts, available_late_shifts, week_days, work_days, full_name, restaurant_id) VALUES (51, 5, 9, false, false, 2, 5, 'Amy O. Jones', 2);
INSERT INTO public.cook (id, available_hours_per_day, preferred_hours_per_day, available_early_shifts, available_late_shifts, week_days, work_days, full_name, restaurant_id) VALUES (52, 5, 7, true, true, 2, 5, 'Beth P. King', 3);
INSERT INTO public.cook (id, available_hours_per_day, preferred_hours_per_day, available_early_shifts, available_late_shifts, week_days, work_days, full_name, restaurant_id) VALUES (53, 10, 9, true, true, 2, 2, 'Chad Q. Li', 3);
INSERT INTO public.cook (id, available_hours_per_day, preferred_hours_per_day, available_early_shifts, available_late_shifts, week_days, work_days, full_name, restaurant_id) VALUES (54, 4, 10, false, false, 2, 5, 'Dan R. Poe', 3);
INSERT INTO public.cook (id, available_hours_per_day, preferred_hours_per_day, available_early_shifts, available_late_shifts, week_days, work_days, full_name, restaurant_id) VALUES (55, 9, 8, false, true, 2, 5, 'Elsa S. Rye', 3);
INSERT INTO public.cook (id, available_hours_per_day, preferred_hours_per_day, available_early_shifts, available_late_shifts, week_days, work_days, full_name, restaurant_id) VALUES (56, 7, 4, false, false, 2, 2, 'Flo T. Smith', 3);
INSERT INTO public.cook (id, available_hours_per_day, preferred_hours_per_day, available_early_shifts, available_late_shifts, week_days, work_days, full_name, restaurant_id) VALUES (57, 7, 7, true, false, 2, 2, 'Gus U. Watt', 3);
INSERT INTO public.cook (id, available_hours_per_day, preferred_hours_per_day, available_early_shifts, available_late_shifts, week_days, work_days, full_name, restaurant_id) VALUES (58, 6, 6, false, false, 2, 5, 'Hugo V. Cole', 3);
INSERT INTO public.cook (id, available_hours_per_day, preferred_hours_per_day, available_early_shifts, available_late_shifts, week_days, work_days, full_name, restaurant_id) VALUES (59, 10, 6, true, true, 2, 2, 'Ivy W. Fox', 3);
INSERT INTO public.cook (id, available_hours_per_day, preferred_hours_per_day, available_early_shifts, available_late_shifts, week_days, work_days, full_name, restaurant_id) VALUES (60, 7, 8, true, true, 2, 5, 'Jay X. Green', 3);
INSERT INTO public.cook (id, available_hours_per_day, preferred_hours_per_day, available_early_shifts, available_late_shifts, week_days, work_days, full_name, restaurant_id) VALUES (61, 10, 10, false, true, 2, 2, 'Amy O. King', 3);
INSERT INTO public.cook (id, available_hours_per_day, preferred_hours_per_day, available_early_shifts, available_late_shifts, week_days, work_days, full_name, restaurant_id) VALUES (62, 6, 10, false, false, 2, 5, 'Beth P. Li', 3);
INSERT INTO public.cook (id, available_hours_per_day, preferred_hours_per_day, available_early_shifts, available_late_shifts, week_days, work_days, full_name, restaurant_id) VALUES (63, 8, 5, true, false, 2, 5, 'Chad Q. Poe', 3);
INSERT INTO public.cook (id, available_hours_per_day, preferred_hours_per_day, available_early_shifts, available_late_shifts, week_days, work_days, full_name, restaurant_id) VALUES (64, 7, 5, false, false, 2, 5, 'Dan R. Rye', 3);
INSERT INTO public.cook (id, available_hours_per_day, preferred_hours_per_day, available_early_shifts, available_late_shifts, week_days, work_days, full_name, restaurant_id) VALUES (65, 10, 5, true, false, 2, 5, 'Elsa S. Smith', 3);
INSERT INTO public.cook (id, available_hours_per_day, preferred_hours_per_day, available_early_shifts, available_late_shifts, week_days, work_days, full_name, restaurant_id) VALUES (66, 8, 8, true, true, 2, 2, 'Flo T. Watt', 3);
INSERT INTO public.cook (id, available_hours_per_day, preferred_hours_per_day, available_early_shifts, available_late_shifts, week_days, work_days, full_name, restaurant_id) VALUES (67, 7, 8, false, false, 2, 5, 'Gus U. Cole', 3);
INSERT INTO public.cook (id, available_hours_per_day, preferred_hours_per_day, available_early_shifts, available_late_shifts, week_days, work_days, full_name, restaurant_id) VALUES (68, 8, 6, true, false, 2, 2, 'Hugo V. Fox', 4);
INSERT INTO public.cook (id, available_hours_per_day, preferred_hours_per_day, available_early_shifts, available_late_shifts, week_days, work_days, full_name, restaurant_id) VALUES (69, 9, 7, false, true, 2, 2, 'Ivy W. Green', 4);
INSERT INTO public.cook (id, available_hours_per_day, preferred_hours_per_day, available_early_shifts, available_late_shifts, week_days, work_days, full_name, restaurant_id) VALUES (70, 6, 6, true, false, 2, 5, 'Jay X. Jones', 4);
INSERT INTO public.cook (id, available_hours_per_day, preferred_hours_per_day, available_early_shifts, available_late_shifts, week_days, work_days, full_name, restaurant_id) VALUES (71, 6, 6, false, false, 2, 5, 'Amy O. Li', 4);
INSERT INTO public.cook (id, available_hours_per_day, preferred_hours_per_day, available_early_shifts, available_late_shifts, week_days, work_days, full_name, restaurant_id) VALUES (72, 4, 8, true, true, 2, 2, 'Beth P. Poe', 4);
INSERT INTO public.cook (id, available_hours_per_day, preferred_hours_per_day, available_early_shifts, available_late_shifts, week_days, work_days, full_name, restaurant_id) VALUES (73, 9, 10, false, true, 2, 5, 'Chad Q. Rye', 4);
INSERT INTO public.cook (id, available_hours_per_day, preferred_hours_per_day, available_early_shifts, available_late_shifts, week_days, work_days, full_name, restaurant_id) VALUES (74, 5, 10, true, true, 2, 5, 'Dan R. Smith', 4);
INSERT INTO public.cook (id, available_hours_per_day, preferred_hours_per_day, available_early_shifts, available_late_shifts, week_days, work_days, full_name, restaurant_id) VALUES (75, 6, 5, true, false, 2, 5, 'Elsa S. Watt', 4);
INSERT INTO public.cook (id, available_hours_per_day, preferred_hours_per_day, available_early_shifts, available_late_shifts, week_days, work_days, full_name, restaurant_id) VALUES (76, 9, 7, false, true, 2, 2, 'Flo T. Cole', 4);
INSERT INTO public.cook (id, available_hours_per_day, preferred_hours_per_day, available_early_shifts, available_late_shifts, week_days, work_days, full_name, restaurant_id) VALUES (77, 8, 8, false, false, 2, 5, 'Gus U. Fox', 4);
INSERT INTO public.cook (id, available_hours_per_day, preferred_hours_per_day, available_early_shifts, available_late_shifts, week_days, work_days, full_name, restaurant_id) VALUES (78, 6, 8, true, false, 2, 5, 'Hugo V. Green', 4);
INSERT INTO public.cook (id, available_hours_per_day, preferred_hours_per_day, available_early_shifts, available_late_shifts, week_days, work_days, full_name, restaurant_id) VALUES (79, 10, 8, false, true, 2, 5, 'Ivy W. Jones', 4);
INSERT INTO public.cook (id, available_hours_per_day, preferred_hours_per_day, available_early_shifts, available_late_shifts, week_days, work_days, full_name, restaurant_id) VALUES (80, 10, 7, false, false, 2, 2, 'Jay X. King', 4);
INSERT INTO public.cook (id, available_hours_per_day, preferred_hours_per_day, available_early_shifts, available_late_shifts, week_days, work_days, full_name, restaurant_id) VALUES (81, 6, 4, true, false, 2, 5, 'Amy O. Poe', 4);
INSERT INTO public.cook (id, available_hours_per_day, preferred_hours_per_day, available_early_shifts, available_late_shifts, week_days, work_days, full_name, restaurant_id) VALUES (82, 6, 9, true, false, 2, 5, 'Beth P. Rye', 4);
INSERT INTO public.cook (id, available_hours_per_day, preferred_hours_per_day, available_early_shifts, available_late_shifts, week_days, work_days, full_name, restaurant_id) VALUES (83, 9, 4, true, false, 2, 2, 'Chad Q. Smith', 4);
INSERT INTO public.cook (id, available_hours_per_day, preferred_hours_per_day, available_early_shifts, available_late_shifts, week_days, work_days, full_name, restaurant_id) VALUES (84, 10, 8, false, true, 2, 5, 'Dan R. Watt', 5);
INSERT INTO public.cook (id, available_hours_per_day, preferred_hours_per_day, available_early_shifts, available_late_shifts, week_days, work_days, full_name, restaurant_id) VALUES (85, 4, 7, true, false, 2, 5, 'Elsa S. Cole', 5);
INSERT INTO public.cook (id, available_hours_per_day, preferred_hours_per_day, available_early_shifts, available_late_shifts, week_days, work_days, full_name, restaurant_id) VALUES (86, 8, 9, false, true, 2, 2, 'Flo T. Fox', 5);
INSERT INTO public.cook (id, available_hours_per_day, preferred_hours_per_day, available_early_shifts, available_late_shifts, week_days, work_days, full_name, restaurant_id) VALUES (87, 7, 5, true, false, 2, 2, 'Gus U. Green', 5);
INSERT INTO public.cook (id, available_hours_per_day, preferred_hours_per_day, available_early_shifts, available_late_shifts, week_days, work_days, full_name, restaurant_id) VALUES (88, 6, 5, false, true, 2, 5, 'Hugo V. Jones', 5);
INSERT INTO public.cook (id, available_hours_per_day, preferred_hours_per_day, available_early_shifts, available_late_shifts, week_days, work_days, full_name, restaurant_id) VALUES (89, 4, 9, false, false, 2, 5, 'Ivy W. King', 5);
INSERT INTO public.cook (id, available_hours_per_day, preferred_hours_per_day, available_early_shifts, available_late_shifts, week_days, work_days, full_name, restaurant_id) VALUES (90, 9, 6, false, false, 2, 5, 'Jay X. Li', 5);
INSERT INTO public.cook (id, available_hours_per_day, preferred_hours_per_day, available_early_shifts, available_late_shifts, week_days, work_days, full_name, restaurant_id) VALUES (91, 5, 7, false, true, 2, 5, 'Amy O. Rye', 5);
INSERT INTO public.cook (id, available_hours_per_day, preferred_hours_per_day, available_early_shifts, available_late_shifts, week_days, work_days, full_name, restaurant_id) VALUES (92, 4, 4, true, false, 2, 5, 'Beth P. Smith', 5);
INSERT INTO public.cook (id, available_hours_per_day, preferred_hours_per_day, available_early_shifts, available_late_shifts, week_days, work_days, full_name, restaurant_id) VALUES (93, 7, 10, true, true, 2, 2, 'Chad Q. Watt', 5);
INSERT INTO public.cook (id, available_hours_per_day, preferred_hours_per_day, available_early_shifts, available_late_shifts, week_days, work_days, full_name, restaurant_id) VALUES (94, 9, 5, false, false, 2, 5, 'Dan R. Cole', 5);
INSERT INTO public.cook (id, available_hours_per_day, preferred_hours_per_day, available_early_shifts, available_late_shifts, week_days, work_days, full_name, restaurant_id) VALUES (95, 8, 9, true, true, 2, 2, 'Elsa S. Fox', 5);
INSERT INTO public.cook (id, available_hours_per_day, preferred_hours_per_day, available_early_shifts, available_late_shifts, week_days, work_days, full_name, restaurant_id) VALUES (96, 4, 8, false, false, 2, 5, 'Flo T. Green', 5);
INSERT INTO public.cook (id, available_hours_per_day, preferred_hours_per_day, available_early_shifts, available_late_shifts, week_days, work_days, full_name, restaurant_id) VALUES (97, 5, 9, true, true, 2, 5, 'Gus U. Jones', 5);
INSERT INTO public.cook (id, available_hours_per_day, preferred_hours_per_day, available_early_shifts, available_late_shifts, week_days, work_days, full_name, restaurant_id) VALUES (98, 7, 9, true, true, 2, 2, 'Hugo V. King', 5);
INSERT INTO public.cook (id, available_hours_per_day, preferred_hours_per_day, available_early_shifts, available_late_shifts, week_days, work_days, full_name, restaurant_id) VALUES (99, 9, 10, true, false, 2, 5, 'Ivy W. Li', 5);
INSERT INTO public.cook (id, available_hours_per_day, preferred_hours_per_day, available_early_shifts, available_late_shifts, week_days, work_days, full_name, restaurant_id) VALUES (100, 5, 8, true, true, 2, 2, 'Jay X. Poe', 5);
INSERT INTO public.cook (id, available_hours_per_day, preferred_hours_per_day, available_early_shifts, available_late_shifts, week_days, work_days, full_name, restaurant_id) VALUES (101, 9, 7, true, false, 2, 2, 'Amy O. Smith', 5);
INSERT INTO public.cook (id, available_hours_per_day, preferred_hours_per_day, available_early_shifts, available_late_shifts, week_days, work_days, full_name, restaurant_id) VALUES (102, 4, 9, true, true, 2, 5, 'Beth P. Watt', 5);
INSERT INTO public.cook (id, available_hours_per_day, preferred_hours_per_day, available_early_shifts, available_late_shifts, week_days, work_days, full_name, restaurant_id) VALUES (103, 6, 8, false, true, 2, 5, 'Chad Q. Cole', 5);
INSERT INTO public.cook (id, available_hours_per_day, preferred_hours_per_day, available_early_shifts, available_late_shifts, week_days, work_days, full_name, restaurant_id) VALUES (104, 9, 7, false, false, 2, 5, 'Dan R. Fox', 6);
INSERT INTO public.cook (id, available_hours_per_day, preferred_hours_per_day, available_early_shifts, available_late_shifts, week_days, work_days, full_name, restaurant_id) VALUES (105, 8, 6, false, true, 2, 5, 'Elsa S. Green', 6);
INSERT INTO public.cook (id, available_hours_per_day, preferred_hours_per_day, available_early_shifts, available_late_shifts, week_days, work_days, full_name, restaurant_id) VALUES (106, 10, 8, false, false, 2, 2, 'Flo T. Jones', 6);
INSERT INTO public.cook (id, available_hours_per_day, preferred_hours_per_day, available_early_shifts, available_late_shifts, week_days, work_days, full_name, restaurant_id) VALUES (107, 4, 9, false, true, 2, 5, 'Gus U. King', 6);
INSERT INTO public.cook (id, available_hours_per_day, preferred_hours_per_day, available_early_shifts, available_late_shifts, week_days, work_days, full_name, restaurant_id) VALUES (108, 10, 6, false, false, 2, 2, 'Hugo V. Li', 6);
INSERT INTO public.cook (id, available_hours_per_day, preferred_hours_per_day, available_early_shifts, available_late_shifts, week_days, work_days, full_name, restaurant_id) VALUES (109, 7, 7, true, true, 2, 2, 'Ivy W. Poe', 6);
INSERT INTO public.cook (id, available_hours_per_day, preferred_hours_per_day, available_early_shifts, available_late_shifts, week_days, work_days, full_name, restaurant_id) VALUES (110, 5, 7, true, true, 2, 2, 'Jay X. Rye', 6);
INSERT INTO public.cook (id, available_hours_per_day, preferred_hours_per_day, available_early_shifts, available_late_shifts, week_days, work_days, full_name, restaurant_id) VALUES (111, 9, 4, true, true, 2, 2, 'Amy O. Watt', 6);
INSERT INTO public.cook (id, available_hours_per_day, preferred_hours_per_day, available_early_shifts, available_late_shifts, week_days, work_days, full_name, restaurant_id) VALUES (112, 4, 6, false, true, 2, 5, 'Beth P. Cole', 6);
INSERT INTO public.cook (id, available_hours_per_day, preferred_hours_per_day, available_early_shifts, available_late_shifts, week_days, work_days, full_name, restaurant_id) VALUES (113, 7, 6, false, false, 2, 5, 'Chad Q. Fox', 6);
INSERT INTO public.cook (id, available_hours_per_day, preferred_hours_per_day, available_early_shifts, available_late_shifts, week_days, work_days, full_name, restaurant_id) VALUES (114, 5, 9, false, false, 2, 5, 'Dan R. Green', 6);
INSERT INTO public.cook (id, available_hours_per_day, preferred_hours_per_day, available_early_shifts, available_late_shifts, week_days, work_days, full_name, restaurant_id) VALUES (115, 10, 7, true, true, 2, 2, 'Elsa S. Jones', 6);
INSERT INTO public.cook (id, available_hours_per_day, preferred_hours_per_day, available_early_shifts, available_late_shifts, week_days, work_days, full_name, restaurant_id) VALUES (116, 10, 9, true, true, 2, 5, 'Flo T. King', 6);
INSERT INTO public.cook (id, available_hours_per_day, preferred_hours_per_day, available_early_shifts, available_late_shifts, week_days, work_days, full_name, restaurant_id) VALUES (117, 5, 9, false, true, 2, 2, 'Gus U. Li', 6);
INSERT INTO public.cook (id, available_hours_per_day, preferred_hours_per_day, available_early_shifts, available_late_shifts, week_days, work_days, full_name, restaurant_id) VALUES (118, 7, 5, true, true, 2, 2, 'Hugo V. Poe', 6);
INSERT INTO public.cook (id, available_hours_per_day, preferred_hours_per_day, available_early_shifts, available_late_shifts, week_days, work_days, full_name, restaurant_id) VALUES (119, 5, 9, false, true, 2, 5, 'Ivy W. Rye', 7);
INSERT INTO public.cook (id, available_hours_per_day, preferred_hours_per_day, available_early_shifts, available_late_shifts, week_days, work_days, full_name, restaurant_id) VALUES (120, 9, 10, false, true, 2, 5, 'Jay X. Smith', 7);
INSERT INTO public.cook (id, available_hours_per_day, preferred_hours_per_day, available_early_shifts, available_late_shifts, week_days, work_days, full_name, restaurant_id) VALUES (121, 6, 4, true, true, 2, 2, 'Amy P. Fox', 7);
INSERT INTO public.cook (id, available_hours_per_day, preferred_hours_per_day, available_early_shifts, available_late_shifts, week_days, work_days, full_name, restaurant_id) VALUES (122, 8, 5, true, false, 2, 5, 'Beth Q. Green', 7);
INSERT INTO public.cook (id, available_hours_per_day, preferred_hours_per_day, available_early_shifts, available_late_shifts, week_days, work_days, full_name, restaurant_id) VALUES (123, 4, 4, true, true, 2, 2, 'Chad R. Jones', 7);
INSERT INTO public.cook (id, available_hours_per_day, preferred_hours_per_day, available_early_shifts, available_late_shifts, week_days, work_days, full_name, restaurant_id) VALUES (124, 9, 8, false, true, 2, 2, 'Dan S. King', 7);
INSERT INTO public.cook (id, available_hours_per_day, preferred_hours_per_day, available_early_shifts, available_late_shifts, week_days, work_days, full_name, restaurant_id) VALUES (125, 4, 4, true, false, 2, 2, 'Elsa T. Li', 7);
INSERT INTO public.cook (id, available_hours_per_day, preferred_hours_per_day, available_early_shifts, available_late_shifts, week_days, work_days, full_name, restaurant_id) VALUES (126, 5, 10, true, true, 2, 5, 'Flo U. Poe', 7);
INSERT INTO public.cook (id, available_hours_per_day, preferred_hours_per_day, available_early_shifts, available_late_shifts, week_days, work_days, full_name, restaurant_id) VALUES (127, 7, 6, false, false, 2, 5, 'Gus V. Rye', 7);
INSERT INTO public.cook (id, available_hours_per_day, preferred_hours_per_day, available_early_shifts, available_late_shifts, week_days, work_days, full_name, restaurant_id) VALUES (128, 9, 10, false, true, 2, 2, 'Hugo W. Smith', 7);
INSERT INTO public.cook (id, available_hours_per_day, preferred_hours_per_day, available_early_shifts, available_late_shifts, week_days, work_days, full_name, restaurant_id) VALUES (129, 6, 5, false, true, 2, 5, 'Ivy X. Watt', 7);
INSERT INTO public.cook (id, available_hours_per_day, preferred_hours_per_day, available_early_shifts, available_late_shifts, week_days, work_days, full_name, restaurant_id) VALUES (130, 8, 9, false, true, 2, 5, 'Jay O. Cole', 7);
INSERT INTO public.cook (id, available_hours_per_day, preferred_hours_per_day, available_early_shifts, available_late_shifts, week_days, work_days, full_name, restaurant_id) VALUES (131, 5, 5, false, true, 2, 2, 'Amy P. Green', 7);
INSERT INTO public.cook (id, available_hours_per_day, preferred_hours_per_day, available_early_shifts, available_late_shifts, week_days, work_days, full_name, restaurant_id) VALUES (132, 6, 4, true, true, 2, 2, 'Beth Q. Jones', 7);
INSERT INTO public.cook (id, available_hours_per_day, preferred_hours_per_day, available_early_shifts, available_late_shifts, week_days, work_days, full_name, restaurant_id) VALUES (133, 6, 6, true, true, 2, 5, 'Chad R. King', 7);
INSERT INTO public.cook (id, available_hours_per_day, preferred_hours_per_day, available_early_shifts, available_late_shifts, week_days, work_days, full_name, restaurant_id) VALUES (134, 8, 6, true, true, 2, 5, 'Dan S. Li', 7);
INSERT INTO public.cook (id, available_hours_per_day, preferred_hours_per_day, available_early_shifts, available_late_shifts, week_days, work_days, full_name, restaurant_id) VALUES (135, 4, 10, true, false, 2, 5, 'Elsa T. Poe', 8);
INSERT INTO public.cook (id, available_hours_per_day, preferred_hours_per_day, available_early_shifts, available_late_shifts, week_days, work_days, full_name, restaurant_id) VALUES (136, 7, 7, true, false, 2, 5, 'Flo U. Rye', 8);
INSERT INTO public.cook (id, available_hours_per_day, preferred_hours_per_day, available_early_shifts, available_late_shifts, week_days, work_days, full_name, restaurant_id) VALUES (137, 8, 6, true, true, 2, 2, 'Gus V. Smith', 8);
INSERT INTO public.cook (id, available_hours_per_day, preferred_hours_per_day, available_early_shifts, available_late_shifts, week_days, work_days, full_name, restaurant_id) VALUES (138, 9, 9, false, true, 2, 2, 'Hugo W. Watt', 8);
INSERT INTO public.cook (id, available_hours_per_day, preferred_hours_per_day, available_early_shifts, available_late_shifts, week_days, work_days, full_name, restaurant_id) VALUES (139, 5, 6, false, false, 2, 2, 'Ivy X. Cole', 8);
INSERT INTO public.cook (id, available_hours_per_day, preferred_hours_per_day, available_early_shifts, available_late_shifts, week_days, work_days, full_name, restaurant_id) VALUES (140, 10, 7, true, true, 2, 5, 'Jay O. Fox', 8);
INSERT INTO public.cook (id, available_hours_per_day, preferred_hours_per_day, available_early_shifts, available_late_shifts, week_days, work_days, full_name, restaurant_id) VALUES (141, 9, 10, false, false, 2, 2, 'Amy P. Jones', 8);
INSERT INTO public.cook (id, available_hours_per_day, preferred_hours_per_day, available_early_shifts, available_late_shifts, week_days, work_days, full_name, restaurant_id) VALUES (142, 4, 5, true, false, 2, 2, 'Beth Q. King', 8);
INSERT INTO public.cook (id, available_hours_per_day, preferred_hours_per_day, available_early_shifts, available_late_shifts, week_days, work_days, full_name, restaurant_id) VALUES (143, 5, 9, true, false, 2, 5, 'Chad R. Li', 8);
INSERT INTO public.cook (id, available_hours_per_day, preferred_hours_per_day, available_early_shifts, available_late_shifts, week_days, work_days, full_name, restaurant_id) VALUES (144, 5, 7, true, false, 2, 5, 'Dan S. Poe', 8);
INSERT INTO public.cook (id, available_hours_per_day, preferred_hours_per_day, available_early_shifts, available_late_shifts, week_days, work_days, full_name, restaurant_id) VALUES (145, 6, 10, false, false, 2, 5, 'Elsa T. Rye', 8);
INSERT INTO public.cook (id, available_hours_per_day, preferred_hours_per_day, available_early_shifts, available_late_shifts, week_days, work_days, full_name, restaurant_id) VALUES (146, 4, 4, true, false, 2, 2, 'Flo U. Smith', 8);
INSERT INTO public.cook (id, available_hours_per_day, preferred_hours_per_day, available_early_shifts, available_late_shifts, week_days, work_days, full_name, restaurant_id) VALUES (147, 10, 9, true, false, 2, 2, 'Gus V. Watt', 8);
INSERT INTO public.cook (id, available_hours_per_day, preferred_hours_per_day, available_early_shifts, available_late_shifts, week_days, work_days, full_name, restaurant_id) VALUES (148, 5, 9, true, true, 2, 2, 'Hugo W. Cole', 8);
INSERT INTO public.cook (id, available_hours_per_day, preferred_hours_per_day, available_early_shifts, available_late_shifts, week_days, work_days, full_name, restaurant_id) VALUES (149, 8, 10, false, false, 2, 2, 'Ivy X. Fox', 8);
INSERT INTO public.cook (id, available_hours_per_day, preferred_hours_per_day, available_early_shifts, available_late_shifts, week_days, work_days, full_name, restaurant_id) VALUES (150, 8, 4, false, true, 2, 5, 'Jay O. Green', 8);
INSERT INTO public.cook (id, available_hours_per_day, preferred_hours_per_day, available_early_shifts, available_late_shifts, week_days, work_days, full_name, restaurant_id) VALUES (151, 9, 10, true, true, 2, 5, 'Amy P. King', 8);
INSERT INTO public.cook (id, available_hours_per_day, preferred_hours_per_day, available_early_shifts, available_late_shifts, week_days, work_days, full_name, restaurant_id) VALUES (152, 8, 7, true, false, 2, 5, 'Beth Q. Li', 8);
INSERT INTO public.cook (id, available_hours_per_day, preferred_hours_per_day, available_early_shifts, available_late_shifts, week_days, work_days, full_name, restaurant_id) VALUES (153, 9, 9, true, false, 2, 2, 'Chad R. Poe', 9);
INSERT INTO public.cook (id, available_hours_per_day, preferred_hours_per_day, available_early_shifts, available_late_shifts, week_days, work_days, full_name, restaurant_id) VALUES (154, 4, 4, false, false, 2, 2, 'Dan S. Rye', 9);
INSERT INTO public.cook (id, available_hours_per_day, preferred_hours_per_day, available_early_shifts, available_late_shifts, week_days, work_days, full_name, restaurant_id) VALUES (155, 9, 10, true, true, 2, 5, 'Elsa T. Smith', 9);
INSERT INTO public.cook (id, available_hours_per_day, preferred_hours_per_day, available_early_shifts, available_late_shifts, week_days, work_days, full_name, restaurant_id) VALUES (156, 10, 10, true, true, 2, 2, 'Flo U. Watt', 9);
INSERT INTO public.cook (id, available_hours_per_day, preferred_hours_per_day, available_early_shifts, available_late_shifts, week_days, work_days, full_name, restaurant_id) VALUES (157, 10, 7, false, false, 2, 2, 'Gus V. Cole', 9);
INSERT INTO public.cook (id, available_hours_per_day, preferred_hours_per_day, available_early_shifts, available_late_shifts, week_days, work_days, full_name, restaurant_id) VALUES (158, 6, 9, true, true, 2, 5, 'Hugo W. Fox', 9);
INSERT INTO public.cook (id, available_hours_per_day, preferred_hours_per_day, available_early_shifts, available_late_shifts, week_days, work_days, full_name, restaurant_id) VALUES (159, 7, 10, true, true, 2, 2, 'Ivy X. Green', 9);
INSERT INTO public.cook (id, available_hours_per_day, preferred_hours_per_day, available_early_shifts, available_late_shifts, week_days, work_days, full_name, restaurant_id) VALUES (160, 5, 8, true, true, 2, 2, 'Jay O. Jones', 9);
INSERT INTO public.cook (id, available_hours_per_day, preferred_hours_per_day, available_early_shifts, available_late_shifts, week_days, work_days, full_name, restaurant_id) VALUES (161, 5, 5, true, false, 2, 5, 'Amy P. Li', 9);
INSERT INTO public.cook (id, available_hours_per_day, preferred_hours_per_day, available_early_shifts, available_late_shifts, week_days, work_days, full_name, restaurant_id) VALUES (162, 6, 9, false, true, 2, 5, 'Beth Q. Poe', 9);
INSERT INTO public.cook (id, available_hours_per_day, preferred_hours_per_day, available_early_shifts, available_late_shifts, week_days, work_days, full_name, restaurant_id) VALUES (163, 5, 9, false, true, 2, 2, 'Chad R. Rye', 9);
INSERT INTO public.cook (id, available_hours_per_day, preferred_hours_per_day, available_early_shifts, available_late_shifts, week_days, work_days, full_name, restaurant_id) VALUES (164, 8, 6, true, false, 2, 5, 'Dan S. Smith', 9);
INSERT INTO public.cook (id, available_hours_per_day, preferred_hours_per_day, available_early_shifts, available_late_shifts, week_days, work_days, full_name, restaurant_id) VALUES (165, 10, 8, true, true, 2, 2, 'Elsa T. Watt', 9);
INSERT INTO public.cook (id, available_hours_per_day, preferred_hours_per_day, available_early_shifts, available_late_shifts, week_days, work_days, full_name, restaurant_id) VALUES (166, 8, 6, false, false, 2, 2, 'Flo U. Cole', 9);
INSERT INTO public.cook (id, available_hours_per_day, preferred_hours_per_day, available_early_shifts, available_late_shifts, week_days, work_days, full_name, restaurant_id) VALUES (167, 4, 4, true, false, 2, 2, 'Gus V. Fox', 9);
INSERT INTO public.cook (id, available_hours_per_day, preferred_hours_per_day, available_early_shifts, available_late_shifts, week_days, work_days, full_name, restaurant_id) VALUES (168, 8, 7, false, true, 2, 5, 'Hugo W. Green', 9);
INSERT INTO public.cook (id, available_hours_per_day, preferred_hours_per_day, available_early_shifts, available_late_shifts, week_days, work_days, full_name, restaurant_id) VALUES (169, 4, 8, false, false, 2, 2, 'Ivy X. Jones', 9);
INSERT INTO public.cook (id, available_hours_per_day, preferred_hours_per_day, available_early_shifts, available_late_shifts, week_days, work_days, full_name, restaurant_id) VALUES (170, 6, 9, true, false, 2, 5, 'Jay O. King', 10);
INSERT INTO public.cook (id, available_hours_per_day, preferred_hours_per_day, available_early_shifts, available_late_shifts, week_days, work_days, full_name, restaurant_id) VALUES (171, 6, 5, true, true, 2, 2, 'Amy P. Poe', 10);
INSERT INTO public.cook (id, available_hours_per_day, preferred_hours_per_day, available_early_shifts, available_late_shifts, week_days, work_days, full_name, restaurant_id) VALUES (172, 5, 7, true, false, 2, 5, 'Beth Q. Rye', 10);
INSERT INTO public.cook (id, available_hours_per_day, preferred_hours_per_day, available_early_shifts, available_late_shifts, week_days, work_days, full_name, restaurant_id) VALUES (173, 4, 8, false, true, 2, 5, 'Chad R. Smith', 10);
INSERT INTO public.cook (id, available_hours_per_day, preferred_hours_per_day, available_early_shifts, available_late_shifts, week_days, work_days, full_name, restaurant_id) VALUES (174, 10, 10, true, true, 2, 2, 'Dan S. Watt', 10);
INSERT INTO public.cook (id, available_hours_per_day, preferred_hours_per_day, available_early_shifts, available_late_shifts, week_days, work_days, full_name, restaurant_id) VALUES (175, 6, 4, false, false, 2, 2, 'Elsa T. Cole', 10);
INSERT INTO public.cook (id, available_hours_per_day, preferred_hours_per_day, available_early_shifts, available_late_shifts, week_days, work_days, full_name, restaurant_id) VALUES (176, 5, 9, true, false, 2, 2, 'Flo U. Fox', 10);
INSERT INTO public.cook (id, available_hours_per_day, preferred_hours_per_day, available_early_shifts, available_late_shifts, week_days, work_days, full_name, restaurant_id) VALUES (177, 10, 4, false, false, 2, 5, 'Gus V. Green', 10);
INSERT INTO public.cook (id, available_hours_per_day, preferred_hours_per_day, available_early_shifts, available_late_shifts, week_days, work_days, full_name, restaurant_id) VALUES (178, 8, 4, true, true, 2, 5, 'Hugo W. Jones', 10);
INSERT INTO public.cook (id, available_hours_per_day, preferred_hours_per_day, available_early_shifts, available_late_shifts, week_days, work_days, full_name, restaurant_id) VALUES (179, 8, 7, true, false, 2, 2, 'Ivy X. King', 10);
INSERT INTO public.cook (id, available_hours_per_day, preferred_hours_per_day, available_early_shifts, available_late_shifts, week_days, work_days, full_name, restaurant_id) VALUES (180, 9, 5, false, false, 2, 2, 'Jay O. Li', 10);
INSERT INTO public.cook (id, available_hours_per_day, preferred_hours_per_day, available_early_shifts, available_late_shifts, week_days, work_days, full_name, restaurant_id) VALUES (181, 10, 7, true, true, 2, 5, 'Amy P. Rye', 10);
INSERT INTO public.cook (id, available_hours_per_day, preferred_hours_per_day, available_early_shifts, available_late_shifts, week_days, work_days, full_name, restaurant_id) VALUES (182, 8, 4, true, false, 2, 2, 'Beth Q. Smith', 10);
INSERT INTO public.cook (id, available_hours_per_day, preferred_hours_per_day, available_early_shifts, available_late_shifts, week_days, work_days, full_name, restaurant_id) VALUES (183, 8, 6, true, true, 2, 2, 'Chad R. Watt', 10);
INSERT INTO public.cook (id, available_hours_per_day, preferred_hours_per_day, available_early_shifts, available_late_shifts, week_days, work_days, full_name, restaurant_id) VALUES (184, 4, 10, true, false, 2, 5, 'Dan S. Cole', 10);
INSERT INTO public.cook (id, available_hours_per_day, preferred_hours_per_day, available_early_shifts, available_late_shifts, week_days, work_days, full_name, restaurant_id) VALUES (185, 10, 8, false, true, 2, 2, 'Elsa T. Fox', 10);
INSERT INTO public.cook (id, available_hours_per_day, preferred_hours_per_day, available_early_shifts, available_late_shifts, week_days, work_days, full_name, restaurant_id) VALUES (186, 7, 4, false, false, 2, 2, 'Flo U. Green', 11);
INSERT INTO public.cook (id, available_hours_per_day, preferred_hours_per_day, available_early_shifts, available_late_shifts, week_days, work_days, full_name, restaurant_id) VALUES (187, 5, 6, true, false, 2, 2, 'Gus V. Jones', 11);
INSERT INTO public.cook (id, available_hours_per_day, preferred_hours_per_day, available_early_shifts, available_late_shifts, week_days, work_days, full_name, restaurant_id) VALUES (188, 6, 10, false, false, 2, 2, 'Hugo W. King', 11);
INSERT INTO public.cook (id, available_hours_per_day, preferred_hours_per_day, available_early_shifts, available_late_shifts, week_days, work_days, full_name, restaurant_id) VALUES (189, 8, 8, false, true, 2, 5, 'Ivy X. Li', 11);
INSERT INTO public.cook (id, available_hours_per_day, preferred_hours_per_day, available_early_shifts, available_late_shifts, week_days, work_days, full_name, restaurant_id) VALUES (190, 5, 7, false, true, 2, 2, 'Jay O. Poe', 11);
INSERT INTO public.cook (id, available_hours_per_day, preferred_hours_per_day, available_early_shifts, available_late_shifts, week_days, work_days, full_name, restaurant_id) VALUES (191, 7, 9, true, true, 2, 5, 'Amy P. Smith', 11);
INSERT INTO public.cook (id, available_hours_per_day, preferred_hours_per_day, available_early_shifts, available_late_shifts, week_days, work_days, full_name, restaurant_id) VALUES (192, 10, 6, true, false, 2, 2, 'Beth Q. Watt', 11);
INSERT INTO public.cook (id, available_hours_per_day, preferred_hours_per_day, available_early_shifts, available_late_shifts, week_days, work_days, full_name, restaurant_id) VALUES (193, 7, 6, false, true, 2, 2, 'Chad R. Cole', 11);
INSERT INTO public.cook (id, available_hours_per_day, preferred_hours_per_day, available_early_shifts, available_late_shifts, week_days, work_days, full_name, restaurant_id) VALUES (194, 10, 10, true, true, 2, 5, 'Dan S. Fox', 11);
INSERT INTO public.cook (id, available_hours_per_day, preferred_hours_per_day, available_early_shifts, available_late_shifts, week_days, work_days, full_name, restaurant_id) VALUES (195, 6, 9, false, false, 2, 5, 'Elsa T. Green', 11);
INSERT INTO public.cook (id, available_hours_per_day, preferred_hours_per_day, available_early_shifts, available_late_shifts, week_days, work_days, full_name, restaurant_id) VALUES (196, 9, 10, false, false, 2, 2, 'Flo U. Jones', 11);
INSERT INTO public.cook (id, available_hours_per_day, preferred_hours_per_day, available_early_shifts, available_late_shifts, week_days, work_days, full_name, restaurant_id) VALUES (197, 7, 9, true, false, 2, 2, 'Gus V. King', 11);
INSERT INTO public.cook (id, available_hours_per_day, preferred_hours_per_day, available_early_shifts, available_late_shifts, week_days, work_days, full_name, restaurant_id) VALUES (198, 7, 7, false, false, 2, 2, 'Hugo W. Li', 11);
INSERT INTO public.cook (id, available_hours_per_day, preferred_hours_per_day, available_early_shifts, available_late_shifts, week_days, work_days, full_name, restaurant_id) VALUES (199, 8, 8, true, true, 2, 2, 'Ivy X. Poe', 11);
INSERT INTO public.cook (id, available_hours_per_day, preferred_hours_per_day, available_early_shifts, available_late_shifts, week_days, work_days, full_name, restaurant_id) VALUES (200, 5, 10, true, true, 2, 5, 'Jay O. Rye', 11);
INSERT INTO public.cook (id, available_hours_per_day, preferred_hours_per_day, available_early_shifts, available_late_shifts, week_days, work_days, full_name, restaurant_id) VALUES (201, 7, 7, true, true, 2, 2, 'Amy P. Watt', 11);
INSERT INTO public.cook (id, available_hours_per_day, preferred_hours_per_day, available_early_shifts, available_late_shifts, week_days, work_days, full_name, restaurant_id) VALUES (202, 7, 10, false, false, 2, 2, 'Beth Q. Cole', 11);
INSERT INTO public.cook (id, available_hours_per_day, preferred_hours_per_day, available_early_shifts, available_late_shifts, week_days, work_days, full_name, restaurant_id) VALUES (203, 9, 9, true, false, 2, 2, 'Chad R. Fox', 12);
INSERT INTO public.cook (id, available_hours_per_day, preferred_hours_per_day, available_early_shifts, available_late_shifts, week_days, work_days, full_name, restaurant_id) VALUES (204, 9, 10, false, true, 2, 5, 'Dan S. Green', 12);
INSERT INTO public.cook (id, available_hours_per_day, preferred_hours_per_day, available_early_shifts, available_late_shifts, week_days, work_days, full_name, restaurant_id) VALUES (205, 4, 5, true, true, 2, 2, 'Elsa T. Jones', 12);
INSERT INTO public.cook (id, available_hours_per_day, preferred_hours_per_day, available_early_shifts, available_late_shifts, week_days, work_days, full_name, restaurant_id) VALUES (206, 7, 9, true, false, 2, 2, 'Flo U. King', 12);
INSERT INTO public.cook (id, available_hours_per_day, preferred_hours_per_day, available_early_shifts, available_late_shifts, week_days, work_days, full_name, restaurant_id) VALUES (207, 7, 10, true, true, 2, 2, 'Gus V. Li', 12);
INSERT INTO public.cook (id, available_hours_per_day, preferred_hours_per_day, available_early_shifts, available_late_shifts, week_days, work_days, full_name, restaurant_id) VALUES (208, 8, 7, false, true, 2, 2, 'Hugo W. Poe', 12);
INSERT INTO public.cook (id, available_hours_per_day, preferred_hours_per_day, available_early_shifts, available_late_shifts, week_days, work_days, full_name, restaurant_id) VALUES (209, 8, 8, true, true, 2, 2, 'Ivy X. Rye', 12);
INSERT INTO public.cook (id, available_hours_per_day, preferred_hours_per_day, available_early_shifts, available_late_shifts, week_days, work_days, full_name, restaurant_id) VALUES (210, 7, 4, false, true, 2, 5, 'Jay O. Smith', 12);
INSERT INTO public.cook (id, available_hours_per_day, preferred_hours_per_day, available_early_shifts, available_late_shifts, week_days, work_days, full_name, restaurant_id) VALUES (211, 4, 6, true, true, 2, 5, 'Amy P. Cole', 12);
INSERT INTO public.cook (id, available_hours_per_day, preferred_hours_per_day, available_early_shifts, available_late_shifts, week_days, work_days, full_name, restaurant_id) VALUES (212, 10, 5, true, true, 2, 2, 'Beth Q. Fox', 12);
INSERT INTO public.cook (id, available_hours_per_day, preferred_hours_per_day, available_early_shifts, available_late_shifts, week_days, work_days, full_name, restaurant_id) VALUES (213, 5, 4, true, true, 2, 5, 'Chad R. Green', 12);
INSERT INTO public.cook (id, available_hours_per_day, preferred_hours_per_day, available_early_shifts, available_late_shifts, week_days, work_days, full_name, restaurant_id) VALUES (214, 10, 7, true, false, 2, 5, 'Dan S. Jones', 12);
INSERT INTO public.cook (id, available_hours_per_day, preferred_hours_per_day, available_early_shifts, available_late_shifts, week_days, work_days, full_name, restaurant_id) VALUES (215, 4, 10, false, false, 2, 2, 'Elsa T. King', 12);
INSERT INTO public.cook (id, available_hours_per_day, preferred_hours_per_day, available_early_shifts, available_late_shifts, week_days, work_days, full_name, restaurant_id) VALUES (216, 8, 8, false, true, 2, 2, 'Flo U. Li', 12);
INSERT INTO public.cook (id, available_hours_per_day, preferred_hours_per_day, available_early_shifts, available_late_shifts, week_days, work_days, full_name, restaurant_id) VALUES (217, 7, 5, true, false, 2, 2, 'Gus V. Poe', 12);
INSERT INTO public.cook (id, available_hours_per_day, preferred_hours_per_day, available_early_shifts, available_late_shifts, week_days, work_days, full_name, restaurant_id) VALUES (218, 7, 6, true, true, 2, 5, 'Hugo W. Rye', 12);
INSERT INTO public.cook (id, available_hours_per_day, preferred_hours_per_day, available_early_shifts, available_late_shifts, week_days, work_days, full_name, restaurant_id) VALUES (219, 6, 6, false, false, 2, 2, 'Ivy X. Smith', 13);
INSERT INTO public.cook (id, available_hours_per_day, preferred_hours_per_day, available_early_shifts, available_late_shifts, week_days, work_days, full_name, restaurant_id) VALUES (220, 8, 9, true, true, 2, 5, 'Jay O. Watt', 13);
INSERT INTO public.cook (id, available_hours_per_day, preferred_hours_per_day, available_early_shifts, available_late_shifts, week_days, work_days, full_name, restaurant_id) VALUES (221, 10, 9, true, true, 2, 5, 'Amy Q. Green', 13);
INSERT INTO public.cook (id, available_hours_per_day, preferred_hours_per_day, available_early_shifts, available_late_shifts, week_days, work_days, full_name, restaurant_id) VALUES (222, 8, 8, false, true, 2, 2, 'Beth R. Jones', 13);
INSERT INTO public.cook (id, available_hours_per_day, preferred_hours_per_day, available_early_shifts, available_late_shifts, week_days, work_days, full_name, restaurant_id) VALUES (223, 9, 6, false, false, 2, 2, 'Chad S. King', 13);
INSERT INTO public.cook (id, available_hours_per_day, preferred_hours_per_day, available_early_shifts, available_late_shifts, week_days, work_days, full_name, restaurant_id) VALUES (224, 7, 6, false, false, 2, 2, 'Dan T. Li', 13);
INSERT INTO public.cook (id, available_hours_per_day, preferred_hours_per_day, available_early_shifts, available_late_shifts, week_days, work_days, full_name, restaurant_id) VALUES (225, 5, 10, true, true, 2, 5, 'Elsa U. Poe', 13);
INSERT INTO public.cook (id, available_hours_per_day, preferred_hours_per_day, available_early_shifts, available_late_shifts, week_days, work_days, full_name, restaurant_id) VALUES (226, 8, 5, false, false, 2, 2, 'Flo V. Rye', 13);
INSERT INTO public.cook (id, available_hours_per_day, preferred_hours_per_day, available_early_shifts, available_late_shifts, week_days, work_days, full_name, restaurant_id) VALUES (227, 8, 6, false, false, 2, 2, 'Gus W. Smith', 13);
INSERT INTO public.cook (id, available_hours_per_day, preferred_hours_per_day, available_early_shifts, available_late_shifts, week_days, work_days, full_name, restaurant_id) VALUES (228, 10, 9, true, true, 2, 5, 'Hugo X. Watt', 13);
INSERT INTO public.cook (id, available_hours_per_day, preferred_hours_per_day, available_early_shifts, available_late_shifts, week_days, work_days, full_name, restaurant_id) VALUES (229, 8, 5, true, true, 2, 2, 'Ivy O. Cole', 13);
INSERT INTO public.cook (id, available_hours_per_day, preferred_hours_per_day, available_early_shifts, available_late_shifts, week_days, work_days, full_name, restaurant_id) VALUES (230, 9, 9, false, false, 2, 2, 'Jay P. Fox', 13);
INSERT INTO public.cook (id, available_hours_per_day, preferred_hours_per_day, available_early_shifts, available_late_shifts, week_days, work_days, full_name, restaurant_id) VALUES (231, 6, 10, false, false, 2, 5, 'Amy Q. Jones', 13);
INSERT INTO public.cook (id, available_hours_per_day, preferred_hours_per_day, available_early_shifts, available_late_shifts, week_days, work_days, full_name, restaurant_id) VALUES (232, 10, 9, false, true, 2, 2, 'Beth R. King', 13);
INSERT INTO public.cook (id, available_hours_per_day, preferred_hours_per_day, available_early_shifts, available_late_shifts, week_days, work_days, full_name, restaurant_id) VALUES (233, 9, 4, true, true, 2, 5, 'Chad S. Li', 13);
INSERT INTO public.cook (id, available_hours_per_day, preferred_hours_per_day, available_early_shifts, available_late_shifts, week_days, work_days, full_name, restaurant_id) VALUES (234, 8, 7, false, false, 2, 2, 'Dan T. Poe', 13);
INSERT INTO public.cook (id, available_hours_per_day, preferred_hours_per_day, available_early_shifts, available_late_shifts, week_days, work_days, full_name, restaurant_id) VALUES (235, 10, 10, true, true, 2, 2, 'Elsa U. Rye', 13);
INSERT INTO public.cook (id, available_hours_per_day, preferred_hours_per_day, available_early_shifts, available_late_shifts, week_days, work_days, full_name, restaurant_id) VALUES (236, 7, 4, false, true, 2, 5, 'Flo V. Smith', 13);
INSERT INTO public.cook (id, available_hours_per_day, preferred_hours_per_day, available_early_shifts, available_late_shifts, week_days, work_days, full_name, restaurant_id) VALUES (237, 8, 4, false, true, 2, 5, 'Gus W. Watt', 13);
INSERT INTO public.cook (id, available_hours_per_day, preferred_hours_per_day, available_early_shifts, available_late_shifts, week_days, work_days, full_name, restaurant_id) VALUES (238, 9, 6, true, false, 2, 5, 'Hugo X. Cole', 14);
INSERT INTO public.cook (id, available_hours_per_day, preferred_hours_per_day, available_early_shifts, available_late_shifts, week_days, work_days, full_name, restaurant_id) VALUES (239, 7, 6, true, false, 2, 5, 'Ivy O. Fox', 14);
INSERT INTO public.cook (id, available_hours_per_day, preferred_hours_per_day, available_early_shifts, available_late_shifts, week_days, work_days, full_name, restaurant_id) VALUES (240, 9, 7, false, true, 2, 5, 'Jay P. Green', 14);
INSERT INTO public.cook (id, available_hours_per_day, preferred_hours_per_day, available_early_shifts, available_late_shifts, week_days, work_days, full_name, restaurant_id) VALUES (241, 8, 6, true, true, 2, 2, 'Amy Q. King', 14);
INSERT INTO public.cook (id, available_hours_per_day, preferred_hours_per_day, available_early_shifts, available_late_shifts, week_days, work_days, full_name, restaurant_id) VALUES (242, 7, 4, false, false, 2, 2, 'Beth R. Li', 14);
INSERT INTO public.cook (id, available_hours_per_day, preferred_hours_per_day, available_early_shifts, available_late_shifts, week_days, work_days, full_name, restaurant_id) VALUES (243, 10, 5, false, true, 2, 5, 'Chad S. Poe', 14);
INSERT INTO public.cook (id, available_hours_per_day, preferred_hours_per_day, available_early_shifts, available_late_shifts, week_days, work_days, full_name, restaurant_id) VALUES (244, 6, 10, true, true, 2, 5, 'Dan T. Rye', 14);
INSERT INTO public.cook (id, available_hours_per_day, preferred_hours_per_day, available_early_shifts, available_late_shifts, week_days, work_days, full_name, restaurant_id) VALUES (245, 10, 10, false, true, 2, 2, 'Elsa U. Smith', 14);
INSERT INTO public.cook (id, available_hours_per_day, preferred_hours_per_day, available_early_shifts, available_late_shifts, week_days, work_days, full_name, restaurant_id) VALUES (246, 10, 9, true, false, 2, 2, 'Flo V. Watt', 14);
INSERT INTO public.cook (id, available_hours_per_day, preferred_hours_per_day, available_early_shifts, available_late_shifts, week_days, work_days, full_name, restaurant_id) VALUES (247, 9, 4, false, false, 2, 5, 'Gus W. Cole', 14);
INSERT INTO public.cook (id, available_hours_per_day, preferred_hours_per_day, available_early_shifts, available_late_shifts, week_days, work_days, full_name, restaurant_id) VALUES (248, 9, 4, false, true, 2, 2, 'Hugo X. Fox', 14);
INSERT INTO public.cook (id, available_hours_per_day, preferred_hours_per_day, available_early_shifts, available_late_shifts, week_days, work_days, full_name, restaurant_id) VALUES (249, 9, 8, false, true, 2, 2, 'Ivy O. Green', 14);
INSERT INTO public.cook (id, available_hours_per_day, preferred_hours_per_day, available_early_shifts, available_late_shifts, week_days, work_days, full_name, restaurant_id) VALUES (250, 6, 5, false, false, 2, 2, 'Jay P. Jones', 14);
INSERT INTO public.cook (id, available_hours_per_day, preferred_hours_per_day, available_early_shifts, available_late_shifts, week_days, work_days, full_name, restaurant_id) VALUES (251, 5, 4, false, false, 2, 5, 'Amy Q. Li', 14);
INSERT INTO public.cook (id, available_hours_per_day, preferred_hours_per_day, available_early_shifts, available_late_shifts, week_days, work_days, full_name, restaurant_id) VALUES (252, 5, 8, false, false, 2, 2, 'Beth R. Poe', 14);
INSERT INTO public.cook (id, available_hours_per_day, preferred_hours_per_day, available_early_shifts, available_late_shifts, week_days, work_days, full_name, restaurant_id) VALUES (253, 8, 5, false, true, 2, 2, 'Chad S. Rye', 14);
INSERT INTO public.cook (id, available_hours_per_day, preferred_hours_per_day, available_early_shifts, available_late_shifts, week_days, work_days, full_name, restaurant_id) VALUES (254, 5, 10, true, true, 2, 5, 'Dan T. Smith', 14);
INSERT INTO public.cook (id, available_hours_per_day, preferred_hours_per_day, available_early_shifts, available_late_shifts, week_days, work_days, full_name, restaurant_id) VALUES (255, 6, 8, true, true, 2, 5, 'Elsa U. Watt', 15);
INSERT INTO public.cook (id, available_hours_per_day, preferred_hours_per_day, available_early_shifts, available_late_shifts, week_days, work_days, full_name, restaurant_id) VALUES (256, 10, 4, true, true, 2, 2, 'Flo V. Cole', 15);
INSERT INTO public.cook (id, available_hours_per_day, preferred_hours_per_day, available_early_shifts, available_late_shifts, week_days, work_days, full_name, restaurant_id) VALUES (257, 10, 10, true, true, 2, 2, 'Gus W. Fox', 15);
INSERT INTO public.cook (id, available_hours_per_day, preferred_hours_per_day, available_early_shifts, available_late_shifts, week_days, work_days, full_name, restaurant_id) VALUES (258, 8, 7, true, true, 2, 5, 'Hugo X. Green', 15);
INSERT INTO public.cook (id, available_hours_per_day, preferred_hours_per_day, available_early_shifts, available_late_shifts, week_days, work_days, full_name, restaurant_id) VALUES (259, 8, 5, false, false, 2, 2, 'Ivy O. Jones', 15);
INSERT INTO public.cook (id, available_hours_per_day, preferred_hours_per_day, available_early_shifts, available_late_shifts, week_days, work_days, full_name, restaurant_id) VALUES (260, 8, 10, false, false, 2, 5, 'Jay P. King', 15);
INSERT INTO public.cook (id, available_hours_per_day, preferred_hours_per_day, available_early_shifts, available_late_shifts, week_days, work_days, full_name, restaurant_id) VALUES (261, 7, 4, false, true, 2, 5, 'Amy Q. Poe', 15);
INSERT INTO public.cook (id, available_hours_per_day, preferred_hours_per_day, available_early_shifts, available_late_shifts, week_days, work_days, full_name, restaurant_id) VALUES (262, 6, 5, false, false, 2, 5, 'Beth R. Rye', 15);
INSERT INTO public.cook (id, available_hours_per_day, preferred_hours_per_day, available_early_shifts, available_late_shifts, week_days, work_days, full_name, restaurant_id) VALUES (263, 5, 8, false, true, 2, 2, 'Chad S. Smith', 15);
INSERT INTO public.cook (id, available_hours_per_day, preferred_hours_per_day, available_early_shifts, available_late_shifts, week_days, work_days, full_name, restaurant_id) VALUES (264, 5, 9, false, false, 2, 2, 'Dan T. Watt', 15);
INSERT INTO public.cook (id, available_hours_per_day, preferred_hours_per_day, available_early_shifts, available_late_shifts, week_days, work_days, full_name, restaurant_id) VALUES (265, 8, 5, true, true, 2, 2, 'Elsa U. Cole', 15);
INSERT INTO public.cook (id, available_hours_per_day, preferred_hours_per_day, available_early_shifts, available_late_shifts, week_days, work_days, full_name, restaurant_id) VALUES (266, 7, 8, false, true, 2, 5, 'Flo V. Fox', 15);
INSERT INTO public.cook (id, available_hours_per_day, preferred_hours_per_day, available_early_shifts, available_late_shifts, week_days, work_days, full_name, restaurant_id) VALUES (267, 6, 9, false, true, 2, 5, 'Gus W. Green', 15);
INSERT INTO public.cook (id, available_hours_per_day, preferred_hours_per_day, available_early_shifts, available_late_shifts, week_days, work_days, full_name, restaurant_id) VALUES (268, 8, 10, false, false, 2, 2, 'Hugo X. Jones', 15);
INSERT INTO public.cook (id, available_hours_per_day, preferred_hours_per_day, available_early_shifts, available_late_shifts, week_days, work_days, full_name, restaurant_id) VALUES (269, 10, 5, true, true, 2, 5, 'Ivy O. King', 15);
INSERT INTO public.cook (id, available_hours_per_day, preferred_hours_per_day, available_early_shifts, available_late_shifts, week_days, work_days, full_name, restaurant_id) VALUES (270, 8, 5, false, false, 2, 2, 'Jay P. Li', 15);
INSERT INTO public.cook (id, available_hours_per_day, preferred_hours_per_day, available_early_shifts, available_late_shifts, week_days, work_days, full_name, restaurant_id) VALUES (271, 6, 8, true, true, 2, 2, 'Amy Q. Rye', 15);
INSERT INTO public.cook (id, available_hours_per_day, preferred_hours_per_day, available_early_shifts, available_late_shifts, week_days, work_days, full_name, restaurant_id) VALUES (272, 7, 10, false, false, 2, 2, 'Beth R. Smith', 15);
INSERT INTO public.cook (id, available_hours_per_day, preferred_hours_per_day, available_early_shifts, available_late_shifts, week_days, work_days, full_name, restaurant_id) VALUES (273, 6, 9, true, true, 2, 2, 'Chad S. Watt', 16);
INSERT INTO public.cook (id, available_hours_per_day, preferred_hours_per_day, available_early_shifts, available_late_shifts, week_days, work_days, full_name, restaurant_id) VALUES (274, 9, 10, false, false, 2, 2, 'Dan T. Cole', 16);
INSERT INTO public.cook (id, available_hours_per_day, preferred_hours_per_day, available_early_shifts, available_late_shifts, week_days, work_days, full_name, restaurant_id) VALUES (275, 6, 8, true, true, 2, 5, 'Elsa U. Fox', 16);
INSERT INTO public.cook (id, available_hours_per_day, preferred_hours_per_day, available_early_shifts, available_late_shifts, week_days, work_days, full_name, restaurant_id) VALUES (276, 4, 4, false, true, 2, 5, 'Flo V. Green', 16);
INSERT INTO public.cook (id, available_hours_per_day, preferred_hours_per_day, available_early_shifts, available_late_shifts, week_days, work_days, full_name, restaurant_id) VALUES (277, 8, 9, false, false, 2, 5, 'Gus W. Jones', 16);
INSERT INTO public.cook (id, available_hours_per_day, preferred_hours_per_day, available_early_shifts, available_late_shifts, week_days, work_days, full_name, restaurant_id) VALUES (278, 8, 9, true, true, 2, 2, 'Hugo X. King', 16);
INSERT INTO public.cook (id, available_hours_per_day, preferred_hours_per_day, available_early_shifts, available_late_shifts, week_days, work_days, full_name, restaurant_id) VALUES (279, 4, 4, false, true, 2, 2, 'Ivy O. Li', 16);
INSERT INTO public.cook (id, available_hours_per_day, preferred_hours_per_day, available_early_shifts, available_late_shifts, week_days, work_days, full_name, restaurant_id) VALUES (280, 8, 6, true, false, 2, 5, 'Jay P. Poe', 16);
INSERT INTO public.cook (id, available_hours_per_day, preferred_hours_per_day, available_early_shifts, available_late_shifts, week_days, work_days, full_name, restaurant_id) VALUES (281, 7, 6, true, false, 2, 2, 'Amy Q. Smith', 16);
INSERT INTO public.cook (id, available_hours_per_day, preferred_hours_per_day, available_early_shifts, available_late_shifts, week_days, work_days, full_name, restaurant_id) VALUES (282, 6, 6, false, false, 2, 2, 'Beth R. Watt', 16);
INSERT INTO public.cook (id, available_hours_per_day, preferred_hours_per_day, available_early_shifts, available_late_shifts, week_days, work_days, full_name, restaurant_id) VALUES (283, 10, 8, false, true, 2, 2, 'Chad S. Cole', 16);
INSERT INTO public.cook (id, available_hours_per_day, preferred_hours_per_day, available_early_shifts, available_late_shifts, week_days, work_days, full_name, restaurant_id) VALUES (284, 8, 8, false, true, 2, 2, 'Dan T. Fox', 16);
INSERT INTO public.cook (id, available_hours_per_day, preferred_hours_per_day, available_early_shifts, available_late_shifts, week_days, work_days, full_name, restaurant_id) VALUES (285, 10, 6, false, true, 2, 5, 'Elsa U. Green', 16);
INSERT INTO public.cook (id, available_hours_per_day, preferred_hours_per_day, available_early_shifts, available_late_shifts, week_days, work_days, full_name, restaurant_id) VALUES (286, 7, 6, true, false, 2, 5, 'Flo V. Jones', 16);
INSERT INTO public.cook (id, available_hours_per_day, preferred_hours_per_day, available_early_shifts, available_late_shifts, week_days, work_days, full_name, restaurant_id) VALUES (287, 7, 7, true, false, 2, 2, 'Gus W. King', 16);
INSERT INTO public.cook (id, available_hours_per_day, preferred_hours_per_day, available_early_shifts, available_late_shifts, week_days, work_days, full_name, restaurant_id) VALUES (288, 4, 7, false, true, 2, 2, 'Hugo X. Li', 16);
INSERT INTO public.cook (id, available_hours_per_day, preferred_hours_per_day, available_early_shifts, available_late_shifts, week_days, work_days, full_name, restaurant_id) VALUES (289, 5, 7, false, false, 2, 2, 'Ivy O. Poe', 16);
INSERT INTO public.cook (id, available_hours_per_day, preferred_hours_per_day, available_early_shifts, available_late_shifts, week_days, work_days, full_name, restaurant_id) VALUES (290, 9, 6, false, false, 2, 5, 'Jay P. Rye', 17);
INSERT INTO public.cook (id, available_hours_per_day, preferred_hours_per_day, available_early_shifts, available_late_shifts, week_days, work_days, full_name, restaurant_id) VALUES (291, 5, 9, false, true, 2, 5, 'Amy Q. Watt', 17);
INSERT INTO public.cook (id, available_hours_per_day, preferred_hours_per_day, available_early_shifts, available_late_shifts, week_days, work_days, full_name, restaurant_id) VALUES (292, 7, 8, true, true, 2, 5, 'Beth R. Cole', 17);
INSERT INTO public.cook (id, available_hours_per_day, preferred_hours_per_day, available_early_shifts, available_late_shifts, week_days, work_days, full_name, restaurant_id) VALUES (293, 8, 9, false, true, 2, 5, 'Chad S. Fox', 17);
INSERT INTO public.cook (id, available_hours_per_day, preferred_hours_per_day, available_early_shifts, available_late_shifts, week_days, work_days, full_name, restaurant_id) VALUES (294, 8, 6, false, true, 2, 5, 'Dan T. Green', 17);
INSERT INTO public.cook (id, available_hours_per_day, preferred_hours_per_day, available_early_shifts, available_late_shifts, week_days, work_days, full_name, restaurant_id) VALUES (295, 4, 7, false, false, 2, 2, 'Elsa U. Jones', 17);
INSERT INTO public.cook (id, available_hours_per_day, preferred_hours_per_day, available_early_shifts, available_late_shifts, week_days, work_days, full_name, restaurant_id) VALUES (296, 10, 10, false, false, 2, 2, 'Flo V. King', 17);
INSERT INTO public.cook (id, available_hours_per_day, preferred_hours_per_day, available_early_shifts, available_late_shifts, week_days, work_days, full_name, restaurant_id) VALUES (297, 5, 5, false, false, 2, 2, 'Gus W. Li', 17);
INSERT INTO public.cook (id, available_hours_per_day, preferred_hours_per_day, available_early_shifts, available_late_shifts, week_days, work_days, full_name, restaurant_id) VALUES (298, 9, 9, true, true, 2, 2, 'Hugo X. Poe', 17);
INSERT INTO public.cook (id, available_hours_per_day, preferred_hours_per_day, available_early_shifts, available_late_shifts, week_days, work_days, full_name, restaurant_id) VALUES (299, 5, 7, false, false, 2, 2, 'Ivy O. Rye', 17);
INSERT INTO public.cook (id, available_hours_per_day, preferred_hours_per_day, available_early_shifts, available_late_shifts, week_days, work_days, full_name, restaurant_id) VALUES (300, 8, 6, true, false, 2, 2, 'Jay P. Smith', 17);
INSERT INTO public.cook (id, available_hours_per_day, preferred_hours_per_day, available_early_shifts, available_late_shifts, week_days, work_days, full_name, restaurant_id) VALUES (301, 5, 6, false, true, 2, 5, 'Amy Q. Cole', 17);
INSERT INTO public.cook (id, available_hours_per_day, preferred_hours_per_day, available_early_shifts, available_late_shifts, week_days, work_days, full_name, restaurant_id) VALUES (302, 10, 9, true, false, 2, 5, 'Beth R. Fox', 17);
INSERT INTO public.cook (id, available_hours_per_day, preferred_hours_per_day, available_early_shifts, available_late_shifts, week_days, work_days, full_name, restaurant_id) VALUES (303, 7, 9, true, false, 2, 2, 'Chad S. Green', 17);
INSERT INTO public.cook (id, available_hours_per_day, preferred_hours_per_day, available_early_shifts, available_late_shifts, week_days, work_days, full_name, restaurant_id) VALUES (304, 8, 8, false, true, 2, 5, 'Dan T. Jones', 17);
INSERT INTO public.cook (id, available_hours_per_day, preferred_hours_per_day, available_early_shifts, available_late_shifts, week_days, work_days, full_name, restaurant_id) VALUES (305, 4, 9, true, false, 2, 2, 'Elsa U. King', 17);
INSERT INTO public.cook (id, available_hours_per_day, preferred_hours_per_day, available_early_shifts, available_late_shifts, week_days, work_days, full_name, restaurant_id) VALUES (306, 4, 4, false, true, 2, 2, 'Flo V. Li', 18);
INSERT INTO public.cook (id, available_hours_per_day, preferred_hours_per_day, available_early_shifts, available_late_shifts, week_days, work_days, full_name, restaurant_id) VALUES (307, 9, 4, false, false, 2, 5, 'Gus W. Poe', 18);
INSERT INTO public.cook (id, available_hours_per_day, preferred_hours_per_day, available_early_shifts, available_late_shifts, week_days, work_days, full_name, restaurant_id) VALUES (308, 8, 7, false, true, 2, 2, 'Hugo X. Rye', 18);
INSERT INTO public.cook (id, available_hours_per_day, preferred_hours_per_day, available_early_shifts, available_late_shifts, week_days, work_days, full_name, restaurant_id) VALUES (309, 7, 5, true, false, 2, 5, 'Ivy O. Smith', 18);
INSERT INTO public.cook (id, available_hours_per_day, preferred_hours_per_day, available_early_shifts, available_late_shifts, week_days, work_days, full_name, restaurant_id) VALUES (310, 10, 9, true, true, 2, 2, 'Jay P. Watt', 18);
INSERT INTO public.cook (id, available_hours_per_day, preferred_hours_per_day, available_early_shifts, available_late_shifts, week_days, work_days, full_name, restaurant_id) VALUES (311, 9, 4, true, true, 2, 5, 'Amy Q. Fox', 18);
INSERT INTO public.cook (id, available_hours_per_day, preferred_hours_per_day, available_early_shifts, available_late_shifts, week_days, work_days, full_name, restaurant_id) VALUES (312, 5, 8, true, false, 2, 2, 'Beth R. Green', 18);
INSERT INTO public.cook (id, available_hours_per_day, preferred_hours_per_day, available_early_shifts, available_late_shifts, week_days, work_days, full_name, restaurant_id) VALUES (313, 8, 7, false, false, 2, 5, 'Chad S. Jones', 18);
INSERT INTO public.cook (id, available_hours_per_day, preferred_hours_per_day, available_early_shifts, available_late_shifts, week_days, work_days, full_name, restaurant_id) VALUES (314, 5, 5, true, false, 2, 2, 'Dan T. King', 18);
INSERT INTO public.cook (id, available_hours_per_day, preferred_hours_per_day, available_early_shifts, available_late_shifts, week_days, work_days, full_name, restaurant_id) VALUES (315, 7, 9, false, true, 2, 5, 'Elsa U. Li', 18);
INSERT INTO public.cook (id, available_hours_per_day, preferred_hours_per_day, available_early_shifts, available_late_shifts, week_days, work_days, full_name, restaurant_id) VALUES (316, 10, 6, false, true, 2, 5, 'Flo V. Poe', 18);
INSERT INTO public.cook (id, available_hours_per_day, preferred_hours_per_day, available_early_shifts, available_late_shifts, week_days, work_days, full_name, restaurant_id) VALUES (317, 4, 5, false, true, 2, 2, 'Gus W. Rye', 18);
INSERT INTO public.cook (id, available_hours_per_day, preferred_hours_per_day, available_early_shifts, available_late_shifts, week_days, work_days, full_name, restaurant_id) VALUES (318, 9, 8, false, true, 2, 2, 'Hugo X. Smith', 18);
INSERT INTO public.cook (id, available_hours_per_day, preferred_hours_per_day, available_early_shifts, available_late_shifts, week_days, work_days, full_name, restaurant_id) VALUES (319, 9, 9, false, false, 2, 2, 'Ivy O. Watt', 18);
INSERT INTO public.cook (id, available_hours_per_day, preferred_hours_per_day, available_early_shifts, available_late_shifts, week_days, work_days, full_name, restaurant_id) VALUES (320, 6, 7, true, false, 2, 2, 'Jay P. Cole', 18);
INSERT INTO public.cook (id, available_hours_per_day, preferred_hours_per_day, available_early_shifts, available_late_shifts, week_days, work_days, full_name, restaurant_id) VALUES (321, 7, 10, false, false, 2, 2, 'Amy R. Jones', 18);
INSERT INTO public.cook (id, available_hours_per_day, preferred_hours_per_day, available_early_shifts, available_late_shifts, week_days, work_days, full_name, restaurant_id) VALUES (322, 9, 7, false, false, 2, 5, 'Beth S. King', 19);
INSERT INTO public.cook (id, available_hours_per_day, preferred_hours_per_day, available_early_shifts, available_late_shifts, week_days, work_days, full_name, restaurant_id) VALUES (323, 4, 9, false, true, 2, 2, 'Chad T. Li', 19);
INSERT INTO public.cook (id, available_hours_per_day, preferred_hours_per_day, available_early_shifts, available_late_shifts, week_days, work_days, full_name, restaurant_id) VALUES (324, 4, 9, true, false, 2, 5, 'Dan U. Poe', 19);
INSERT INTO public.cook (id, available_hours_per_day, preferred_hours_per_day, available_early_shifts, available_late_shifts, week_days, work_days, full_name, restaurant_id) VALUES (325, 4, 9, true, true, 2, 2, 'Elsa V. Rye', 19);
INSERT INTO public.cook (id, available_hours_per_day, preferred_hours_per_day, available_early_shifts, available_late_shifts, week_days, work_days, full_name, restaurant_id) VALUES (326, 5, 4, false, true, 2, 5, 'Flo W. Smith', 19);
INSERT INTO public.cook (id, available_hours_per_day, preferred_hours_per_day, available_early_shifts, available_late_shifts, week_days, work_days, full_name, restaurant_id) VALUES (327, 6, 7, false, false, 2, 2, 'Gus X. Watt', 19);
INSERT INTO public.cook (id, available_hours_per_day, preferred_hours_per_day, available_early_shifts, available_late_shifts, week_days, work_days, full_name, restaurant_id) VALUES (328, 5, 4, false, false, 2, 2, 'Hugo O. Cole', 19);
INSERT INTO public.cook (id, available_hours_per_day, preferred_hours_per_day, available_early_shifts, available_late_shifts, week_days, work_days, full_name, restaurant_id) VALUES (329, 6, 9, false, false, 2, 5, 'Ivy P. Fox', 19);
INSERT INTO public.cook (id, available_hours_per_day, preferred_hours_per_day, available_early_shifts, available_late_shifts, week_days, work_days, full_name, restaurant_id) VALUES (330, 9, 5, false, false, 2, 5, 'Jay Q. Green', 19);
INSERT INTO public.cook (id, available_hours_per_day, preferred_hours_per_day, available_early_shifts, available_late_shifts, week_days, work_days, full_name, restaurant_id) VALUES (331, 8, 6, true, true, 2, 5, 'Amy R. King', 19);
INSERT INTO public.cook (id, available_hours_per_day, preferred_hours_per_day, available_early_shifts, available_late_shifts, week_days, work_days, full_name, restaurant_id) VALUES (332, 4, 10, true, false, 2, 2, 'Beth S. Li', 19);
INSERT INTO public.cook (id, available_hours_per_day, preferred_hours_per_day, available_early_shifts, available_late_shifts, week_days, work_days, full_name, restaurant_id) VALUES (333, 9, 6, true, true, 2, 5, 'Chad T. Poe', 19);
INSERT INTO public.cook (id, available_hours_per_day, preferred_hours_per_day, available_early_shifts, available_late_shifts, week_days, work_days, full_name, restaurant_id) VALUES (334, 6, 9, true, false, 2, 5, 'Dan U. Rye', 19);
INSERT INTO public.cook (id, available_hours_per_day, preferred_hours_per_day, available_early_shifts, available_late_shifts, week_days, work_days, full_name, restaurant_id) VALUES (335, 8, 9, true, false, 2, 5, 'Elsa V. Smith', 19);
INSERT INTO public.cook (id, available_hours_per_day, preferred_hours_per_day, available_early_shifts, available_late_shifts, week_days, work_days, full_name, restaurant_id) VALUES (336, 10, 5, false, true, 2, 2, 'Flo W. Watt', 19);
INSERT INTO public.cook (id, available_hours_per_day, preferred_hours_per_day, available_early_shifts, available_late_shifts, week_days, work_days, full_name, restaurant_id) VALUES (337, 6, 10, false, false, 2, 2, 'Gus X. Cole', 19);
INSERT INTO public.cook (id, available_hours_per_day, preferred_hours_per_day, available_early_shifts, available_late_shifts, week_days, work_days, full_name, restaurant_id) VALUES (338, 10, 7, false, true, 2, 2, 'Hugo O. Fox', 19);
INSERT INTO public.cook (id, available_hours_per_day, preferred_hours_per_day, available_early_shifts, available_late_shifts, week_days, work_days, full_name, restaurant_id) VALUES (339, 6, 7, true, false, 2, 5, 'Ivy P. Green', 20);
INSERT INTO public.cook (id, available_hours_per_day, preferred_hours_per_day, available_early_shifts, available_late_shifts, week_days, work_days, full_name, restaurant_id) VALUES (340, 5, 10, false, false, 2, 2, 'Jay Q. Jones', 20);
INSERT INTO public.cook (id, available_hours_per_day, preferred_hours_per_day, available_early_shifts, available_late_shifts, week_days, work_days, full_name, restaurant_id) VALUES (341, 4, 7, false, true, 2, 5, 'Amy R. Li', 20);
INSERT INTO public.cook (id, available_hours_per_day, preferred_hours_per_day, available_early_shifts, available_late_shifts, week_days, work_days, full_name, restaurant_id) VALUES (342, 7, 10, true, true, 2, 2, 'Beth S. Poe', 20);
INSERT INTO public.cook (id, available_hours_per_day, preferred_hours_per_day, available_early_shifts, available_late_shifts, week_days, work_days, full_name, restaurant_id) VALUES (343, 5, 10, false, false, 2, 2, 'Chad T. Rye', 20);
INSERT INTO public.cook (id, available_hours_per_day, preferred_hours_per_day, available_early_shifts, available_late_shifts, week_days, work_days, full_name, restaurant_id) VALUES (344, 4, 7, false, false, 2, 5, 'Dan U. Smith', 20);
INSERT INTO public.cook (id, available_hours_per_day, preferred_hours_per_day, available_early_shifts, available_late_shifts, week_days, work_days, full_name, restaurant_id) VALUES (345, 8, 8, false, false, 2, 5, 'Elsa V. Watt', 20);
INSERT INTO public.cook (id, available_hours_per_day, preferred_hours_per_day, available_early_shifts, available_late_shifts, week_days, work_days, full_name, restaurant_id) VALUES (346, 5, 5, true, true, 2, 2, 'Flo W. Cole', 20);
INSERT INTO public.cook (id, available_hours_per_day, preferred_hours_per_day, available_early_shifts, available_late_shifts, week_days, work_days, full_name, restaurant_id) VALUES (347, 7, 9, true, false, 2, 5, 'Gus X. Fox', 20);
INSERT INTO public.cook (id, available_hours_per_day, preferred_hours_per_day, available_early_shifts, available_late_shifts, week_days, work_days, full_name, restaurant_id) VALUES (348, 5, 5, false, false, 2, 2, 'Hugo O. Green', 20);
INSERT INTO public.cook (id, available_hours_per_day, preferred_hours_per_day, available_early_shifts, available_late_shifts, week_days, work_days, full_name, restaurant_id) VALUES (349, 8, 9, false, false, 2, 5, 'Ivy P. Jones', 20);
INSERT INTO public.cook (id, available_hours_per_day, preferred_hours_per_day, available_early_shifts, available_late_shifts, week_days, work_days, full_name, restaurant_id) VALUES (350, 6, 5, false, true, 2, 5, 'Jay Q. King', 20);
INSERT INTO public.cook (id, available_hours_per_day, preferred_hours_per_day, available_early_shifts, available_late_shifts, week_days, work_days, full_name, restaurant_id) VALUES (351, 4, 8, true, true, 2, 2, 'Amy R. Poe', 20);
INSERT INTO public.cook (id, available_hours_per_day, preferred_hours_per_day, available_early_shifts, available_late_shifts, week_days, work_days, full_name, restaurant_id) VALUES (352, 8, 10, false, false, 2, 5, 'Beth S. Rye', 20);
INSERT INTO public.cook (id, available_hours_per_day, preferred_hours_per_day, available_early_shifts, available_late_shifts, week_days, work_days, full_name, restaurant_id) VALUES (353, 8, 6, false, false, 2, 5, 'Chad T. Smith', 20);
INSERT INTO public.cook (id, available_hours_per_day, preferred_hours_per_day, available_early_shifts, available_late_shifts, week_days, work_days, full_name, restaurant_id) VALUES (354, 6, 7, true, true, 2, 5, 'Dan U. Watt', 20);


--
-- Data for Name: cuisine; Type: TABLE DATA; Schema: public; Owner: restnetwork
--

INSERT INTO public.cuisine (id, name) VALUES (355, 'Russian');
INSERT INTO public.cuisine (id, name) VALUES (356, 'Italian');
INSERT INTO public.cuisine (id, name) VALUES (357, 'Japanese');


--
-- Data for Name: cuisine_certification; Type: TABLE DATA; Schema: public; Owner: restnetwork
--

INSERT INTO public.cuisine_certification (id, cook_id, cuisine_id) VALUES (359, 24, 356);
INSERT INTO public.cuisine_certification (id, cook_id, cuisine_id) VALUES (360, 24, 357);
INSERT INTO public.cuisine_certification (id, cook_id, cuisine_id) VALUES (361, 21, 355);
INSERT INTO public.cuisine_certification (id, cook_id, cuisine_id) VALUES (362, 22, 355);
INSERT INTO public.cuisine_certification (id, cook_id, cuisine_id) VALUES (363, 23, 357);
INSERT INTO public.cuisine_certification (id, cook_id, cuisine_id) VALUES (364, 25, 355);
INSERT INTO public.cuisine_certification (id, cook_id, cuisine_id) VALUES (365, 26, 357);
INSERT INTO public.cuisine_certification (id, cook_id, cuisine_id) VALUES (366, 27, 357);
INSERT INTO public.cuisine_certification (id, cook_id, cuisine_id) VALUES (367, 28, 357);
INSERT INTO public.cuisine_certification (id, cook_id, cuisine_id) VALUES (368, 28, 355);
INSERT INTO public.cuisine_certification (id, cook_id, cuisine_id) VALUES (369, 29, 355);
INSERT INTO public.cuisine_certification (id, cook_id, cuisine_id) VALUES (370, 30, 356);
INSERT INTO public.cuisine_certification (id, cook_id, cuisine_id) VALUES (371, 31, 355);
INSERT INTO public.cuisine_certification (id, cook_id, cuisine_id) VALUES (372, 31, 357);
INSERT INTO public.cuisine_certification (id, cook_id, cuisine_id) VALUES (373, 32, 357);
INSERT INTO public.cuisine_certification (id, cook_id, cuisine_id) VALUES (374, 32, 356);
INSERT INTO public.cuisine_certification (id, cook_id, cuisine_id) VALUES (375, 33, 355);
INSERT INTO public.cuisine_certification (id, cook_id, cuisine_id) VALUES (376, 33, 357);
INSERT INTO public.cuisine_certification (id, cook_id, cuisine_id) VALUES (377, 33, 356);
INSERT INTO public.cuisine_certification (id, cook_id, cuisine_id) VALUES (378, 34, 356);
INSERT INTO public.cuisine_certification (id, cook_id, cuisine_id) VALUES (379, 35, 356);
INSERT INTO public.cuisine_certification (id, cook_id, cuisine_id) VALUES (380, 36, 356);
INSERT INTO public.cuisine_certification (id, cook_id, cuisine_id) VALUES (381, 36, 355);
INSERT INTO public.cuisine_certification (id, cook_id, cuisine_id) VALUES (561, 37, 355);
INSERT INTO public.cuisine_certification (id, cook_id, cuisine_id) VALUES (562, 38, 356);
INSERT INTO public.cuisine_certification (id, cook_id, cuisine_id) VALUES (563, 39, 357);
INSERT INTO public.cuisine_certification (id, cook_id, cuisine_id) VALUES (564, 40, 356);
INSERT INTO public.cuisine_certification (id, cook_id, cuisine_id) VALUES (565, 40, 357);
INSERT INTO public.cuisine_certification (id, cook_id, cuisine_id) VALUES (566, 41, 355);
INSERT INTO public.cuisine_certification (id, cook_id, cuisine_id) VALUES (567, 42, 357);
INSERT INTO public.cuisine_certification (id, cook_id, cuisine_id) VALUES (568, 43, 356);
INSERT INTO public.cuisine_certification (id, cook_id, cuisine_id) VALUES (569, 44, 355);
INSERT INTO public.cuisine_certification (id, cook_id, cuisine_id) VALUES (570, 44, 356);
INSERT INTO public.cuisine_certification (id, cook_id, cuisine_id) VALUES (571, 45, 356);
INSERT INTO public.cuisine_certification (id, cook_id, cuisine_id) VALUES (572, 46, 357);
INSERT INTO public.cuisine_certification (id, cook_id, cuisine_id) VALUES (573, 47, 357);
INSERT INTO public.cuisine_certification (id, cook_id, cuisine_id) VALUES (574, 47, 356);
INSERT INTO public.cuisine_certification (id, cook_id, cuisine_id) VALUES (575, 48, 357);
INSERT INTO public.cuisine_certification (id, cook_id, cuisine_id) VALUES (576, 48, 355);
INSERT INTO public.cuisine_certification (id, cook_id, cuisine_id) VALUES (577, 49, 357);
INSERT INTO public.cuisine_certification (id, cook_id, cuisine_id) VALUES (578, 49, 355);
INSERT INTO public.cuisine_certification (id, cook_id, cuisine_id) VALUES (579, 50, 356);
INSERT INTO public.cuisine_certification (id, cook_id, cuisine_id) VALUES (580, 51, 357);
INSERT INTO public.cuisine_certification (id, cook_id, cuisine_id) VALUES (581, 51, 356);
INSERT INTO public.cuisine_certification (id, cook_id, cuisine_id) VALUES (582, 52, 357);
INSERT INTO public.cuisine_certification (id, cook_id, cuisine_id) VALUES (583, 52, 355);
INSERT INTO public.cuisine_certification (id, cook_id, cuisine_id) VALUES (584, 53, 357);
INSERT INTO public.cuisine_certification (id, cook_id, cuisine_id) VALUES (585, 54, 356);
INSERT INTO public.cuisine_certification (id, cook_id, cuisine_id) VALUES (586, 55, 355);
INSERT INTO public.cuisine_certification (id, cook_id, cuisine_id) VALUES (587, 55, 356);
INSERT INTO public.cuisine_certification (id, cook_id, cuisine_id) VALUES (588, 56, 357);
INSERT INTO public.cuisine_certification (id, cook_id, cuisine_id) VALUES (589, 57, 356);
INSERT INTO public.cuisine_certification (id, cook_id, cuisine_id) VALUES (590, 57, 355);
INSERT INTO public.cuisine_certification (id, cook_id, cuisine_id) VALUES (591, 58, 355);
INSERT INTO public.cuisine_certification (id, cook_id, cuisine_id) VALUES (592, 58, 356);
INSERT INTO public.cuisine_certification (id, cook_id, cuisine_id) VALUES (593, 59, 356);
INSERT INTO public.cuisine_certification (id, cook_id, cuisine_id) VALUES (594, 59, 357);
INSERT INTO public.cuisine_certification (id, cook_id, cuisine_id) VALUES (595, 59, 355);
INSERT INTO public.cuisine_certification (id, cook_id, cuisine_id) VALUES (596, 60, 357);
INSERT INTO public.cuisine_certification (id, cook_id, cuisine_id) VALUES (597, 60, 356);
INSERT INTO public.cuisine_certification (id, cook_id, cuisine_id) VALUES (598, 61, 355);
INSERT INTO public.cuisine_certification (id, cook_id, cuisine_id) VALUES (599, 62, 355);
INSERT INTO public.cuisine_certification (id, cook_id, cuisine_id) VALUES (600, 63, 356);
INSERT INTO public.cuisine_certification (id, cook_id, cuisine_id) VALUES (601, 64, 355);
INSERT INTO public.cuisine_certification (id, cook_id, cuisine_id) VALUES (602, 65, 355);
INSERT INTO public.cuisine_certification (id, cook_id, cuisine_id) VALUES (603, 66, 355);
INSERT INTO public.cuisine_certification (id, cook_id, cuisine_id) VALUES (604, 66, 357);
INSERT INTO public.cuisine_certification (id, cook_id, cuisine_id) VALUES (605, 67, 356);
INSERT INTO public.cuisine_certification (id, cook_id, cuisine_id) VALUES (606, 67, 357);
INSERT INTO public.cuisine_certification (id, cook_id, cuisine_id) VALUES (607, 68, 356);
INSERT INTO public.cuisine_certification (id, cook_id, cuisine_id) VALUES (608, 69, 356);
INSERT INTO public.cuisine_certification (id, cook_id, cuisine_id) VALUES (609, 69, 355);
INSERT INTO public.cuisine_certification (id, cook_id, cuisine_id) VALUES (610, 70, 355);
INSERT INTO public.cuisine_certification (id, cook_id, cuisine_id) VALUES (611, 70, 357);
INSERT INTO public.cuisine_certification (id, cook_id, cuisine_id) VALUES (612, 71, 357);
INSERT INTO public.cuisine_certification (id, cook_id, cuisine_id) VALUES (613, 72, 357);
INSERT INTO public.cuisine_certification (id, cook_id, cuisine_id) VALUES (614, 73, 355);
INSERT INTO public.cuisine_certification (id, cook_id, cuisine_id) VALUES (615, 74, 357);
INSERT INTO public.cuisine_certification (id, cook_id, cuisine_id) VALUES (616, 75, 355);
INSERT INTO public.cuisine_certification (id, cook_id, cuisine_id) VALUES (617, 75, 357);
INSERT INTO public.cuisine_certification (id, cook_id, cuisine_id) VALUES (618, 75, 356);
INSERT INTO public.cuisine_certification (id, cook_id, cuisine_id) VALUES (619, 76, 357);
INSERT INTO public.cuisine_certification (id, cook_id, cuisine_id) VALUES (620, 76, 355);
INSERT INTO public.cuisine_certification (id, cook_id, cuisine_id) VALUES (621, 77, 355);
INSERT INTO public.cuisine_certification (id, cook_id, cuisine_id) VALUES (622, 78, 356);
INSERT INTO public.cuisine_certification (id, cook_id, cuisine_id) VALUES (623, 78, 355);
INSERT INTO public.cuisine_certification (id, cook_id, cuisine_id) VALUES (624, 79, 355);
INSERT INTO public.cuisine_certification (id, cook_id, cuisine_id) VALUES (625, 80, 357);
INSERT INTO public.cuisine_certification (id, cook_id, cuisine_id) VALUES (626, 80, 356);
INSERT INTO public.cuisine_certification (id, cook_id, cuisine_id) VALUES (627, 81, 356);
INSERT INTO public.cuisine_certification (id, cook_id, cuisine_id) VALUES (628, 81, 355);
INSERT INTO public.cuisine_certification (id, cook_id, cuisine_id) VALUES (629, 82, 355);
INSERT INTO public.cuisine_certification (id, cook_id, cuisine_id) VALUES (630, 83, 356);
INSERT INTO public.cuisine_certification (id, cook_id, cuisine_id) VALUES (631, 84, 356);
INSERT INTO public.cuisine_certification (id, cook_id, cuisine_id) VALUES (632, 84, 355);
INSERT INTO public.cuisine_certification (id, cook_id, cuisine_id) VALUES (633, 85, 356);
INSERT INTO public.cuisine_certification (id, cook_id, cuisine_id) VALUES (634, 85, 355);
INSERT INTO public.cuisine_certification (id, cook_id, cuisine_id) VALUES (635, 86, 357);
INSERT INTO public.cuisine_certification (id, cook_id, cuisine_id) VALUES (636, 86, 355);
INSERT INTO public.cuisine_certification (id, cook_id, cuisine_id) VALUES (637, 87, 356);
INSERT INTO public.cuisine_certification (id, cook_id, cuisine_id) VALUES (638, 87, 357);
INSERT INTO public.cuisine_certification (id, cook_id, cuisine_id) VALUES (639, 88, 356);
INSERT INTO public.cuisine_certification (id, cook_id, cuisine_id) VALUES (640, 89, 355);
INSERT INTO public.cuisine_certification (id, cook_id, cuisine_id) VALUES (641, 89, 357);
INSERT INTO public.cuisine_certification (id, cook_id, cuisine_id) VALUES (642, 90, 357);
INSERT INTO public.cuisine_certification (id, cook_id, cuisine_id) VALUES (643, 91, 356);
INSERT INTO public.cuisine_certification (id, cook_id, cuisine_id) VALUES (644, 91, 355);
INSERT INTO public.cuisine_certification (id, cook_id, cuisine_id) VALUES (645, 92, 357);
INSERT INTO public.cuisine_certification (id, cook_id, cuisine_id) VALUES (646, 93, 357);
INSERT INTO public.cuisine_certification (id, cook_id, cuisine_id) VALUES (647, 93, 356);
INSERT INTO public.cuisine_certification (id, cook_id, cuisine_id) VALUES (648, 93, 355);
INSERT INTO public.cuisine_certification (id, cook_id, cuisine_id) VALUES (649, 94, 355);
INSERT INTO public.cuisine_certification (id, cook_id, cuisine_id) VALUES (650, 94, 356);
INSERT INTO public.cuisine_certification (id, cook_id, cuisine_id) VALUES (651, 95, 357);
INSERT INTO public.cuisine_certification (id, cook_id, cuisine_id) VALUES (652, 95, 356);
INSERT INTO public.cuisine_certification (id, cook_id, cuisine_id) VALUES (653, 95, 355);
INSERT INTO public.cuisine_certification (id, cook_id, cuisine_id) VALUES (654, 96, 357);
INSERT INTO public.cuisine_certification (id, cook_id, cuisine_id) VALUES (655, 97, 357);
INSERT INTO public.cuisine_certification (id, cook_id, cuisine_id) VALUES (656, 98, 357);
INSERT INTO public.cuisine_certification (id, cook_id, cuisine_id) VALUES (657, 99, 357);
INSERT INTO public.cuisine_certification (id, cook_id, cuisine_id) VALUES (658, 100, 356);
INSERT INTO public.cuisine_certification (id, cook_id, cuisine_id) VALUES (659, 100, 357);
INSERT INTO public.cuisine_certification (id, cook_id, cuisine_id) VALUES (660, 100, 355);
INSERT INTO public.cuisine_certification (id, cook_id, cuisine_id) VALUES (661, 101, 356);
INSERT INTO public.cuisine_certification (id, cook_id, cuisine_id) VALUES (662, 102, 355);
INSERT INTO public.cuisine_certification (id, cook_id, cuisine_id) VALUES (663, 102, 357);
INSERT INTO public.cuisine_certification (id, cook_id, cuisine_id) VALUES (664, 103, 357);
INSERT INTO public.cuisine_certification (id, cook_id, cuisine_id) VALUES (665, 104, 356);
INSERT INTO public.cuisine_certification (id, cook_id, cuisine_id) VALUES (666, 105, 357);
INSERT INTO public.cuisine_certification (id, cook_id, cuisine_id) VALUES (667, 106, 356);
INSERT INTO public.cuisine_certification (id, cook_id, cuisine_id) VALUES (668, 107, 357);
INSERT INTO public.cuisine_certification (id, cook_id, cuisine_id) VALUES (669, 107, 355);
INSERT INTO public.cuisine_certification (id, cook_id, cuisine_id) VALUES (670, 108, 356);
INSERT INTO public.cuisine_certification (id, cook_id, cuisine_id) VALUES (671, 108, 355);
INSERT INTO public.cuisine_certification (id, cook_id, cuisine_id) VALUES (672, 109, 355);
INSERT INTO public.cuisine_certification (id, cook_id, cuisine_id) VALUES (673, 110, 356);
INSERT INTO public.cuisine_certification (id, cook_id, cuisine_id) VALUES (674, 110, 355);
INSERT INTO public.cuisine_certification (id, cook_id, cuisine_id) VALUES (675, 111, 356);
INSERT INTO public.cuisine_certification (id, cook_id, cuisine_id) VALUES (676, 112, 357);
INSERT INTO public.cuisine_certification (id, cook_id, cuisine_id) VALUES (677, 113, 357);
INSERT INTO public.cuisine_certification (id, cook_id, cuisine_id) VALUES (678, 113, 355);
INSERT INTO public.cuisine_certification (id, cook_id, cuisine_id) VALUES (679, 114, 357);
INSERT INTO public.cuisine_certification (id, cook_id, cuisine_id) VALUES (680, 115, 355);
INSERT INTO public.cuisine_certification (id, cook_id, cuisine_id) VALUES (681, 116, 356);
INSERT INTO public.cuisine_certification (id, cook_id, cuisine_id) VALUES (682, 117, 355);
INSERT INTO public.cuisine_certification (id, cook_id, cuisine_id) VALUES (683, 118, 357);
INSERT INTO public.cuisine_certification (id, cook_id, cuisine_id) VALUES (684, 119, 357);
INSERT INTO public.cuisine_certification (id, cook_id, cuisine_id) VALUES (685, 120, 356);
INSERT INTO public.cuisine_certification (id, cook_id, cuisine_id) VALUES (686, 121, 356);
INSERT INTO public.cuisine_certification (id, cook_id, cuisine_id) VALUES (687, 122, 355);
INSERT INTO public.cuisine_certification (id, cook_id, cuisine_id) VALUES (688, 123, 355);
INSERT INTO public.cuisine_certification (id, cook_id, cuisine_id) VALUES (689, 123, 356);
INSERT INTO public.cuisine_certification (id, cook_id, cuisine_id) VALUES (690, 124, 357);
INSERT INTO public.cuisine_certification (id, cook_id, cuisine_id) VALUES (691, 124, 356);
INSERT INTO public.cuisine_certification (id, cook_id, cuisine_id) VALUES (692, 125, 356);
INSERT INTO public.cuisine_certification (id, cook_id, cuisine_id) VALUES (693, 125, 355);
INSERT INTO public.cuisine_certification (id, cook_id, cuisine_id) VALUES (694, 126, 356);
INSERT INTO public.cuisine_certification (id, cook_id, cuisine_id) VALUES (695, 127, 355);
INSERT INTO public.cuisine_certification (id, cook_id, cuisine_id) VALUES (696, 128, 355);
INSERT INTO public.cuisine_certification (id, cook_id, cuisine_id) VALUES (697, 129, 356);
INSERT INTO public.cuisine_certification (id, cook_id, cuisine_id) VALUES (698, 129, 355);
INSERT INTO public.cuisine_certification (id, cook_id, cuisine_id) VALUES (699, 130, 357);
INSERT INTO public.cuisine_certification (id, cook_id, cuisine_id) VALUES (700, 131, 356);
INSERT INTO public.cuisine_certification (id, cook_id, cuisine_id) VALUES (701, 131, 357);
INSERT INTO public.cuisine_certification (id, cook_id, cuisine_id) VALUES (702, 132, 356);
INSERT INTO public.cuisine_certification (id, cook_id, cuisine_id) VALUES (703, 133, 357);
INSERT INTO public.cuisine_certification (id, cook_id, cuisine_id) VALUES (704, 133, 356);
INSERT INTO public.cuisine_certification (id, cook_id, cuisine_id) VALUES (705, 134, 357);
INSERT INTO public.cuisine_certification (id, cook_id, cuisine_id) VALUES (706, 134, 356);
INSERT INTO public.cuisine_certification (id, cook_id, cuisine_id) VALUES (707, 135, 356);
INSERT INTO public.cuisine_certification (id, cook_id, cuisine_id) VALUES (708, 136, 356);
INSERT INTO public.cuisine_certification (id, cook_id, cuisine_id) VALUES (709, 137, 357);
INSERT INTO public.cuisine_certification (id, cook_id, cuisine_id) VALUES (710, 138, 356);
INSERT INTO public.cuisine_certification (id, cook_id, cuisine_id) VALUES (711, 138, 355);
INSERT INTO public.cuisine_certification (id, cook_id, cuisine_id) VALUES (712, 138, 357);
INSERT INTO public.cuisine_certification (id, cook_id, cuisine_id) VALUES (713, 139, 355);
INSERT INTO public.cuisine_certification (id, cook_id, cuisine_id) VALUES (714, 139, 356);
INSERT INTO public.cuisine_certification (id, cook_id, cuisine_id) VALUES (715, 140, 357);
INSERT INTO public.cuisine_certification (id, cook_id, cuisine_id) VALUES (716, 140, 356);
INSERT INTO public.cuisine_certification (id, cook_id, cuisine_id) VALUES (717, 141, 356);
INSERT INTO public.cuisine_certification (id, cook_id, cuisine_id) VALUES (718, 142, 357);
INSERT INTO public.cuisine_certification (id, cook_id, cuisine_id) VALUES (719, 142, 355);
INSERT INTO public.cuisine_certification (id, cook_id, cuisine_id) VALUES (720, 142, 356);
INSERT INTO public.cuisine_certification (id, cook_id, cuisine_id) VALUES (721, 143, 355);
INSERT INTO public.cuisine_certification (id, cook_id, cuisine_id) VALUES (722, 144, 357);
INSERT INTO public.cuisine_certification (id, cook_id, cuisine_id) VALUES (723, 145, 355);
INSERT INTO public.cuisine_certification (id, cook_id, cuisine_id) VALUES (724, 145, 356);
INSERT INTO public.cuisine_certification (id, cook_id, cuisine_id) VALUES (725, 146, 356);
INSERT INTO public.cuisine_certification (id, cook_id, cuisine_id) VALUES (726, 147, 356);
INSERT INTO public.cuisine_certification (id, cook_id, cuisine_id) VALUES (727, 148, 355);
INSERT INTO public.cuisine_certification (id, cook_id, cuisine_id) VALUES (728, 149, 357);
INSERT INTO public.cuisine_certification (id, cook_id, cuisine_id) VALUES (729, 149, 355);
INSERT INTO public.cuisine_certification (id, cook_id, cuisine_id) VALUES (730, 150, 356);
INSERT INTO public.cuisine_certification (id, cook_id, cuisine_id) VALUES (731, 150, 355);
INSERT INTO public.cuisine_certification (id, cook_id, cuisine_id) VALUES (732, 151, 357);
INSERT INTO public.cuisine_certification (id, cook_id, cuisine_id) VALUES (733, 152, 355);
INSERT INTO public.cuisine_certification (id, cook_id, cuisine_id) VALUES (734, 152, 356);
INSERT INTO public.cuisine_certification (id, cook_id, cuisine_id) VALUES (735, 153, 355);
INSERT INTO public.cuisine_certification (id, cook_id, cuisine_id) VALUES (736, 154, 357);
INSERT INTO public.cuisine_certification (id, cook_id, cuisine_id) VALUES (737, 154, 356);
INSERT INTO public.cuisine_certification (id, cook_id, cuisine_id) VALUES (738, 155, 356);
INSERT INTO public.cuisine_certification (id, cook_id, cuisine_id) VALUES (739, 155, 357);
INSERT INTO public.cuisine_certification (id, cook_id, cuisine_id) VALUES (740, 156, 355);
INSERT INTO public.cuisine_certification (id, cook_id, cuisine_id) VALUES (741, 157, 356);
INSERT INTO public.cuisine_certification (id, cook_id, cuisine_id) VALUES (742, 158, 355);
INSERT INTO public.cuisine_certification (id, cook_id, cuisine_id) VALUES (743, 158, 356);
INSERT INTO public.cuisine_certification (id, cook_id, cuisine_id) VALUES (744, 159, 355);
INSERT INTO public.cuisine_certification (id, cook_id, cuisine_id) VALUES (745, 159, 356);
INSERT INTO public.cuisine_certification (id, cook_id, cuisine_id) VALUES (746, 160, 357);
INSERT INTO public.cuisine_certification (id, cook_id, cuisine_id) VALUES (747, 160, 355);
INSERT INTO public.cuisine_certification (id, cook_id, cuisine_id) VALUES (748, 161, 355);
INSERT INTO public.cuisine_certification (id, cook_id, cuisine_id) VALUES (749, 162, 356);
INSERT INTO public.cuisine_certification (id, cook_id, cuisine_id) VALUES (750, 163, 356);
INSERT INTO public.cuisine_certification (id, cook_id, cuisine_id) VALUES (751, 164, 355);
INSERT INTO public.cuisine_certification (id, cook_id, cuisine_id) VALUES (752, 164, 357);
INSERT INTO public.cuisine_certification (id, cook_id, cuisine_id) VALUES (753, 165, 356);
INSERT INTO public.cuisine_certification (id, cook_id, cuisine_id) VALUES (754, 165, 355);
INSERT INTO public.cuisine_certification (id, cook_id, cuisine_id) VALUES (755, 166, 356);
INSERT INTO public.cuisine_certification (id, cook_id, cuisine_id) VALUES (756, 167, 355);
INSERT INTO public.cuisine_certification (id, cook_id, cuisine_id) VALUES (757, 168, 355);
INSERT INTO public.cuisine_certification (id, cook_id, cuisine_id) VALUES (758, 169, 357);
INSERT INTO public.cuisine_certification (id, cook_id, cuisine_id) VALUES (759, 170, 355);
INSERT INTO public.cuisine_certification (id, cook_id, cuisine_id) VALUES (760, 170, 356);
INSERT INTO public.cuisine_certification (id, cook_id, cuisine_id) VALUES (761, 171, 356);
INSERT INTO public.cuisine_certification (id, cook_id, cuisine_id) VALUES (762, 172, 355);
INSERT INTO public.cuisine_certification (id, cook_id, cuisine_id) VALUES (763, 173, 356);
INSERT INTO public.cuisine_certification (id, cook_id, cuisine_id) VALUES (764, 174, 355);
INSERT INTO public.cuisine_certification (id, cook_id, cuisine_id) VALUES (765, 175, 355);
INSERT INTO public.cuisine_certification (id, cook_id, cuisine_id) VALUES (766, 175, 357);
INSERT INTO public.cuisine_certification (id, cook_id, cuisine_id) VALUES (767, 176, 355);
INSERT INTO public.cuisine_certification (id, cook_id, cuisine_id) VALUES (768, 177, 355);
INSERT INTO public.cuisine_certification (id, cook_id, cuisine_id) VALUES (769, 178, 357);
INSERT INTO public.cuisine_certification (id, cook_id, cuisine_id) VALUES (770, 179, 356);
INSERT INTO public.cuisine_certification (id, cook_id, cuisine_id) VALUES (771, 179, 355);
INSERT INTO public.cuisine_certification (id, cook_id, cuisine_id) VALUES (772, 180, 355);
INSERT INTO public.cuisine_certification (id, cook_id, cuisine_id) VALUES (773, 180, 356);
INSERT INTO public.cuisine_certification (id, cook_id, cuisine_id) VALUES (774, 181, 357);
INSERT INTO public.cuisine_certification (id, cook_id, cuisine_id) VALUES (775, 181, 356);
INSERT INTO public.cuisine_certification (id, cook_id, cuisine_id) VALUES (776, 182, 356);
INSERT INTO public.cuisine_certification (id, cook_id, cuisine_id) VALUES (777, 183, 355);
INSERT INTO public.cuisine_certification (id, cook_id, cuisine_id) VALUES (778, 183, 357);
INSERT INTO public.cuisine_certification (id, cook_id, cuisine_id) VALUES (779, 184, 355);
INSERT INTO public.cuisine_certification (id, cook_id, cuisine_id) VALUES (780, 185, 355);
INSERT INTO public.cuisine_certification (id, cook_id, cuisine_id) VALUES (781, 186, 356);
INSERT INTO public.cuisine_certification (id, cook_id, cuisine_id) VALUES (782, 187, 357);
INSERT INTO public.cuisine_certification (id, cook_id, cuisine_id) VALUES (783, 188, 356);
INSERT INTO public.cuisine_certification (id, cook_id, cuisine_id) VALUES (784, 189, 356);
INSERT INTO public.cuisine_certification (id, cook_id, cuisine_id) VALUES (785, 190, 356);
INSERT INTO public.cuisine_certification (id, cook_id, cuisine_id) VALUES (786, 191, 355);
INSERT INTO public.cuisine_certification (id, cook_id, cuisine_id) VALUES (787, 192, 355);
INSERT INTO public.cuisine_certification (id, cook_id, cuisine_id) VALUES (788, 193, 357);
INSERT INTO public.cuisine_certification (id, cook_id, cuisine_id) VALUES (789, 194, 356);
INSERT INTO public.cuisine_certification (id, cook_id, cuisine_id) VALUES (790, 194, 355);
INSERT INTO public.cuisine_certification (id, cook_id, cuisine_id) VALUES (791, 195, 355);
INSERT INTO public.cuisine_certification (id, cook_id, cuisine_id) VALUES (792, 196, 355);
INSERT INTO public.cuisine_certification (id, cook_id, cuisine_id) VALUES (793, 197, 357);
INSERT INTO public.cuisine_certification (id, cook_id, cuisine_id) VALUES (794, 198, 357);
INSERT INTO public.cuisine_certification (id, cook_id, cuisine_id) VALUES (795, 199, 357);
INSERT INTO public.cuisine_certification (id, cook_id, cuisine_id) VALUES (796, 200, 357);
INSERT INTO public.cuisine_certification (id, cook_id, cuisine_id) VALUES (797, 201, 357);
INSERT INTO public.cuisine_certification (id, cook_id, cuisine_id) VALUES (798, 202, 357);
INSERT INTO public.cuisine_certification (id, cook_id, cuisine_id) VALUES (799, 203, 357);
INSERT INTO public.cuisine_certification (id, cook_id, cuisine_id) VALUES (800, 203, 356);
INSERT INTO public.cuisine_certification (id, cook_id, cuisine_id) VALUES (801, 203, 355);
INSERT INTO public.cuisine_certification (id, cook_id, cuisine_id) VALUES (802, 204, 355);
INSERT INTO public.cuisine_certification (id, cook_id, cuisine_id) VALUES (803, 205, 355);
INSERT INTO public.cuisine_certification (id, cook_id, cuisine_id) VALUES (804, 205, 356);
INSERT INTO public.cuisine_certification (id, cook_id, cuisine_id) VALUES (805, 206, 355);
INSERT INTO public.cuisine_certification (id, cook_id, cuisine_id) VALUES (806, 206, 357);
INSERT INTO public.cuisine_certification (id, cook_id, cuisine_id) VALUES (807, 206, 356);
INSERT INTO public.cuisine_certification (id, cook_id, cuisine_id) VALUES (808, 207, 357);
INSERT INTO public.cuisine_certification (id, cook_id, cuisine_id) VALUES (809, 208, 356);
INSERT INTO public.cuisine_certification (id, cook_id, cuisine_id) VALUES (810, 209, 355);
INSERT INTO public.cuisine_certification (id, cook_id, cuisine_id) VALUES (811, 210, 357);
INSERT INTO public.cuisine_certification (id, cook_id, cuisine_id) VALUES (812, 211, 355);
INSERT INTO public.cuisine_certification (id, cook_id, cuisine_id) VALUES (813, 212, 356);
INSERT INTO public.cuisine_certification (id, cook_id, cuisine_id) VALUES (814, 213, 356);
INSERT INTO public.cuisine_certification (id, cook_id, cuisine_id) VALUES (815, 213, 355);
INSERT INTO public.cuisine_certification (id, cook_id, cuisine_id) VALUES (816, 214, 357);
INSERT INTO public.cuisine_certification (id, cook_id, cuisine_id) VALUES (817, 215, 357);
INSERT INTO public.cuisine_certification (id, cook_id, cuisine_id) VALUES (818, 216, 355);
INSERT INTO public.cuisine_certification (id, cook_id, cuisine_id) VALUES (819, 216, 356);
INSERT INTO public.cuisine_certification (id, cook_id, cuisine_id) VALUES (820, 217, 355);
INSERT INTO public.cuisine_certification (id, cook_id, cuisine_id) VALUES (821, 217, 357);
INSERT INTO public.cuisine_certification (id, cook_id, cuisine_id) VALUES (822, 218, 356);
INSERT INTO public.cuisine_certification (id, cook_id, cuisine_id) VALUES (823, 219, 356);
INSERT INTO public.cuisine_certification (id, cook_id, cuisine_id) VALUES (824, 220, 355);
INSERT INTO public.cuisine_certification (id, cook_id, cuisine_id) VALUES (825, 221, 355);
INSERT INTO public.cuisine_certification (id, cook_id, cuisine_id) VALUES (826, 222, 355);
INSERT INTO public.cuisine_certification (id, cook_id, cuisine_id) VALUES (827, 223, 356);
INSERT INTO public.cuisine_certification (id, cook_id, cuisine_id) VALUES (828, 224, 356);
INSERT INTO public.cuisine_certification (id, cook_id, cuisine_id) VALUES (829, 224, 357);
INSERT INTO public.cuisine_certification (id, cook_id, cuisine_id) VALUES (830, 225, 357);
INSERT INTO public.cuisine_certification (id, cook_id, cuisine_id) VALUES (831, 226, 355);
INSERT INTO public.cuisine_certification (id, cook_id, cuisine_id) VALUES (832, 226, 356);
INSERT INTO public.cuisine_certification (id, cook_id, cuisine_id) VALUES (833, 227, 355);
INSERT INTO public.cuisine_certification (id, cook_id, cuisine_id) VALUES (834, 228, 356);
INSERT INTO public.cuisine_certification (id, cook_id, cuisine_id) VALUES (835, 228, 357);
INSERT INTO public.cuisine_certification (id, cook_id, cuisine_id) VALUES (836, 229, 357);
INSERT INTO public.cuisine_certification (id, cook_id, cuisine_id) VALUES (837, 230, 356);
INSERT INTO public.cuisine_certification (id, cook_id, cuisine_id) VALUES (838, 231, 355);
INSERT INTO public.cuisine_certification (id, cook_id, cuisine_id) VALUES (839, 232, 356);
INSERT INTO public.cuisine_certification (id, cook_id, cuisine_id) VALUES (840, 233, 356);
INSERT INTO public.cuisine_certification (id, cook_id, cuisine_id) VALUES (841, 234, 355);
INSERT INTO public.cuisine_certification (id, cook_id, cuisine_id) VALUES (842, 234, 356);
INSERT INTO public.cuisine_certification (id, cook_id, cuisine_id) VALUES (843, 235, 357);
INSERT INTO public.cuisine_certification (id, cook_id, cuisine_id) VALUES (844, 236, 357);
INSERT INTO public.cuisine_certification (id, cook_id, cuisine_id) VALUES (845, 237, 357);
INSERT INTO public.cuisine_certification (id, cook_id, cuisine_id) VALUES (846, 237, 356);
INSERT INTO public.cuisine_certification (id, cook_id, cuisine_id) VALUES (847, 238, 356);
INSERT INTO public.cuisine_certification (id, cook_id, cuisine_id) VALUES (848, 239, 355);
INSERT INTO public.cuisine_certification (id, cook_id, cuisine_id) VALUES (849, 239, 356);
INSERT INTO public.cuisine_certification (id, cook_id, cuisine_id) VALUES (850, 240, 357);
INSERT INTO public.cuisine_certification (id, cook_id, cuisine_id) VALUES (851, 241, 356);
INSERT INTO public.cuisine_certification (id, cook_id, cuisine_id) VALUES (852, 242, 355);
INSERT INTO public.cuisine_certification (id, cook_id, cuisine_id) VALUES (853, 243, 355);
INSERT INTO public.cuisine_certification (id, cook_id, cuisine_id) VALUES (854, 243, 357);
INSERT INTO public.cuisine_certification (id, cook_id, cuisine_id) VALUES (855, 244, 355);
INSERT INTO public.cuisine_certification (id, cook_id, cuisine_id) VALUES (856, 244, 356);
INSERT INTO public.cuisine_certification (id, cook_id, cuisine_id) VALUES (857, 245, 356);
INSERT INTO public.cuisine_certification (id, cook_id, cuisine_id) VALUES (858, 246, 357);
INSERT INTO public.cuisine_certification (id, cook_id, cuisine_id) VALUES (859, 246, 355);
INSERT INTO public.cuisine_certification (id, cook_id, cuisine_id) VALUES (860, 247, 356);
INSERT INTO public.cuisine_certification (id, cook_id, cuisine_id) VALUES (861, 248, 357);
INSERT INTO public.cuisine_certification (id, cook_id, cuisine_id) VALUES (862, 248, 356);
INSERT INTO public.cuisine_certification (id, cook_id, cuisine_id) VALUES (863, 249, 355);
INSERT INTO public.cuisine_certification (id, cook_id, cuisine_id) VALUES (864, 250, 357);
INSERT INTO public.cuisine_certification (id, cook_id, cuisine_id) VALUES (865, 250, 356);
INSERT INTO public.cuisine_certification (id, cook_id, cuisine_id) VALUES (866, 251, 355);
INSERT INTO public.cuisine_certification (id, cook_id, cuisine_id) VALUES (867, 252, 357);
INSERT INTO public.cuisine_certification (id, cook_id, cuisine_id) VALUES (868, 253, 356);
INSERT INTO public.cuisine_certification (id, cook_id, cuisine_id) VALUES (869, 254, 357);
INSERT INTO public.cuisine_certification (id, cook_id, cuisine_id) VALUES (870, 255, 357);
INSERT INTO public.cuisine_certification (id, cook_id, cuisine_id) VALUES (871, 255, 356);
INSERT INTO public.cuisine_certification (id, cook_id, cuisine_id) VALUES (872, 256, 356);
INSERT INTO public.cuisine_certification (id, cook_id, cuisine_id) VALUES (873, 256, 355);
INSERT INTO public.cuisine_certification (id, cook_id, cuisine_id) VALUES (874, 257, 355);
INSERT INTO public.cuisine_certification (id, cook_id, cuisine_id) VALUES (875, 258, 357);
INSERT INTO public.cuisine_certification (id, cook_id, cuisine_id) VALUES (876, 258, 355);
INSERT INTO public.cuisine_certification (id, cook_id, cuisine_id) VALUES (877, 259, 357);
INSERT INTO public.cuisine_certification (id, cook_id, cuisine_id) VALUES (878, 260, 356);
INSERT INTO public.cuisine_certification (id, cook_id, cuisine_id) VALUES (879, 261, 357);
INSERT INTO public.cuisine_certification (id, cook_id, cuisine_id) VALUES (880, 262, 356);
INSERT INTO public.cuisine_certification (id, cook_id, cuisine_id) VALUES (881, 263, 356);
INSERT INTO public.cuisine_certification (id, cook_id, cuisine_id) VALUES (882, 263, 355);
INSERT INTO public.cuisine_certification (id, cook_id, cuisine_id) VALUES (883, 264, 356);
INSERT INTO public.cuisine_certification (id, cook_id, cuisine_id) VALUES (884, 265, 355);
INSERT INTO public.cuisine_certification (id, cook_id, cuisine_id) VALUES (885, 265, 357);
INSERT INTO public.cuisine_certification (id, cook_id, cuisine_id) VALUES (886, 266, 355);
INSERT INTO public.cuisine_certification (id, cook_id, cuisine_id) VALUES (887, 266, 356);
INSERT INTO public.cuisine_certification (id, cook_id, cuisine_id) VALUES (888, 267, 355);
INSERT INTO public.cuisine_certification (id, cook_id, cuisine_id) VALUES (889, 267, 356);
INSERT INTO public.cuisine_certification (id, cook_id, cuisine_id) VALUES (890, 268, 357);
INSERT INTO public.cuisine_certification (id, cook_id, cuisine_id) VALUES (891, 269, 357);
INSERT INTO public.cuisine_certification (id, cook_id, cuisine_id) VALUES (892, 270, 357);
INSERT INTO public.cuisine_certification (id, cook_id, cuisine_id) VALUES (893, 270, 355);
INSERT INTO public.cuisine_certification (id, cook_id, cuisine_id) VALUES (894, 271, 356);
INSERT INTO public.cuisine_certification (id, cook_id, cuisine_id) VALUES (895, 272, 355);
INSERT INTO public.cuisine_certification (id, cook_id, cuisine_id) VALUES (896, 272, 357);
INSERT INTO public.cuisine_certification (id, cook_id, cuisine_id) VALUES (897, 273, 355);
INSERT INTO public.cuisine_certification (id, cook_id, cuisine_id) VALUES (898, 274, 356);
INSERT INTO public.cuisine_certification (id, cook_id, cuisine_id) VALUES (899, 275, 356);
INSERT INTO public.cuisine_certification (id, cook_id, cuisine_id) VALUES (900, 276, 355);
INSERT INTO public.cuisine_certification (id, cook_id, cuisine_id) VALUES (901, 277, 357);
INSERT INTO public.cuisine_certification (id, cook_id, cuisine_id) VALUES (902, 277, 355);
INSERT INTO public.cuisine_certification (id, cook_id, cuisine_id) VALUES (903, 278, 355);
INSERT INTO public.cuisine_certification (id, cook_id, cuisine_id) VALUES (904, 279, 355);
INSERT INTO public.cuisine_certification (id, cook_id, cuisine_id) VALUES (905, 279, 357);
INSERT INTO public.cuisine_certification (id, cook_id, cuisine_id) VALUES (906, 280, 355);
INSERT INTO public.cuisine_certification (id, cook_id, cuisine_id) VALUES (907, 281, 355);
INSERT INTO public.cuisine_certification (id, cook_id, cuisine_id) VALUES (908, 282, 355);
INSERT INTO public.cuisine_certification (id, cook_id, cuisine_id) VALUES (909, 283, 357);
INSERT INTO public.cuisine_certification (id, cook_id, cuisine_id) VALUES (910, 283, 355);
INSERT INTO public.cuisine_certification (id, cook_id, cuisine_id) VALUES (911, 284, 356);
INSERT INTO public.cuisine_certification (id, cook_id, cuisine_id) VALUES (912, 285, 356);
INSERT INTO public.cuisine_certification (id, cook_id, cuisine_id) VALUES (913, 286, 355);
INSERT INTO public.cuisine_certification (id, cook_id, cuisine_id) VALUES (914, 287, 356);
INSERT INTO public.cuisine_certification (id, cook_id, cuisine_id) VALUES (915, 287, 357);
INSERT INTO public.cuisine_certification (id, cook_id, cuisine_id) VALUES (916, 288, 357);
INSERT INTO public.cuisine_certification (id, cook_id, cuisine_id) VALUES (917, 289, 356);
INSERT INTO public.cuisine_certification (id, cook_id, cuisine_id) VALUES (918, 290, 357);
INSERT INTO public.cuisine_certification (id, cook_id, cuisine_id) VALUES (919, 291, 356);
INSERT INTO public.cuisine_certification (id, cook_id, cuisine_id) VALUES (920, 292, 355);
INSERT INTO public.cuisine_certification (id, cook_id, cuisine_id) VALUES (921, 293, 357);
INSERT INTO public.cuisine_certification (id, cook_id, cuisine_id) VALUES (922, 293, 355);
INSERT INTO public.cuisine_certification (id, cook_id, cuisine_id) VALUES (923, 294, 356);
INSERT INTO public.cuisine_certification (id, cook_id, cuisine_id) VALUES (924, 295, 357);
INSERT INTO public.cuisine_certification (id, cook_id, cuisine_id) VALUES (925, 296, 355);
INSERT INTO public.cuisine_certification (id, cook_id, cuisine_id) VALUES (926, 297, 357);
INSERT INTO public.cuisine_certification (id, cook_id, cuisine_id) VALUES (927, 298, 357);
INSERT INTO public.cuisine_certification (id, cook_id, cuisine_id) VALUES (928, 299, 357);
INSERT INTO public.cuisine_certification (id, cook_id, cuisine_id) VALUES (929, 299, 356);
INSERT INTO public.cuisine_certification (id, cook_id, cuisine_id) VALUES (930, 300, 355);
INSERT INTO public.cuisine_certification (id, cook_id, cuisine_id) VALUES (931, 300, 356);
INSERT INTO public.cuisine_certification (id, cook_id, cuisine_id) VALUES (932, 300, 357);
INSERT INTO public.cuisine_certification (id, cook_id, cuisine_id) VALUES (933, 301, 355);
INSERT INTO public.cuisine_certification (id, cook_id, cuisine_id) VALUES (934, 301, 357);
INSERT INTO public.cuisine_certification (id, cook_id, cuisine_id) VALUES (935, 301, 356);
INSERT INTO public.cuisine_certification (id, cook_id, cuisine_id) VALUES (936, 302, 357);
INSERT INTO public.cuisine_certification (id, cook_id, cuisine_id) VALUES (937, 303, 357);
INSERT INTO public.cuisine_certification (id, cook_id, cuisine_id) VALUES (938, 303, 356);
INSERT INTO public.cuisine_certification (id, cook_id, cuisine_id) VALUES (939, 304, 356);
INSERT INTO public.cuisine_certification (id, cook_id, cuisine_id) VALUES (940, 305, 356);
INSERT INTO public.cuisine_certification (id, cook_id, cuisine_id) VALUES (941, 306, 357);
INSERT INTO public.cuisine_certification (id, cook_id, cuisine_id) VALUES (942, 307, 355);
INSERT INTO public.cuisine_certification (id, cook_id, cuisine_id) VALUES (943, 308, 357);
INSERT INTO public.cuisine_certification (id, cook_id, cuisine_id) VALUES (944, 309, 355);
INSERT INTO public.cuisine_certification (id, cook_id, cuisine_id) VALUES (945, 310, 355);
INSERT INTO public.cuisine_certification (id, cook_id, cuisine_id) VALUES (946, 311, 356);
INSERT INTO public.cuisine_certification (id, cook_id, cuisine_id) VALUES (947, 312, 357);
INSERT INTO public.cuisine_certification (id, cook_id, cuisine_id) VALUES (948, 313, 357);
INSERT INTO public.cuisine_certification (id, cook_id, cuisine_id) VALUES (949, 313, 356);
INSERT INTO public.cuisine_certification (id, cook_id, cuisine_id) VALUES (950, 314, 355);
INSERT INTO public.cuisine_certification (id, cook_id, cuisine_id) VALUES (951, 314, 357);
INSERT INTO public.cuisine_certification (id, cook_id, cuisine_id) VALUES (952, 315, 355);
INSERT INTO public.cuisine_certification (id, cook_id, cuisine_id) VALUES (953, 315, 356);
INSERT INTO public.cuisine_certification (id, cook_id, cuisine_id) VALUES (954, 315, 357);
INSERT INTO public.cuisine_certification (id, cook_id, cuisine_id) VALUES (955, 316, 357);
INSERT INTO public.cuisine_certification (id, cook_id, cuisine_id) VALUES (956, 316, 355);
INSERT INTO public.cuisine_certification (id, cook_id, cuisine_id) VALUES (957, 317, 355);
INSERT INTO public.cuisine_certification (id, cook_id, cuisine_id) VALUES (958, 318, 355);
INSERT INTO public.cuisine_certification (id, cook_id, cuisine_id) VALUES (959, 319, 357);
INSERT INTO public.cuisine_certification (id, cook_id, cuisine_id) VALUES (960, 320, 355);
INSERT INTO public.cuisine_certification (id, cook_id, cuisine_id) VALUES (961, 321, 355);
INSERT INTO public.cuisine_certification (id, cook_id, cuisine_id) VALUES (962, 322, 357);
INSERT INTO public.cuisine_certification (id, cook_id, cuisine_id) VALUES (963, 322, 355);
INSERT INTO public.cuisine_certification (id, cook_id, cuisine_id) VALUES (964, 323, 355);
INSERT INTO public.cuisine_certification (id, cook_id, cuisine_id) VALUES (965, 324, 356);
INSERT INTO public.cuisine_certification (id, cook_id, cuisine_id) VALUES (966, 324, 355);
INSERT INTO public.cuisine_certification (id, cook_id, cuisine_id) VALUES (967, 325, 357);
INSERT INTO public.cuisine_certification (id, cook_id, cuisine_id) VALUES (968, 326, 356);
INSERT INTO public.cuisine_certification (id, cook_id, cuisine_id) VALUES (969, 327, 355);
INSERT INTO public.cuisine_certification (id, cook_id, cuisine_id) VALUES (970, 328, 356);
INSERT INTO public.cuisine_certification (id, cook_id, cuisine_id) VALUES (971, 329, 355);
INSERT INTO public.cuisine_certification (id, cook_id, cuisine_id) VALUES (972, 329, 357);
INSERT INTO public.cuisine_certification (id, cook_id, cuisine_id) VALUES (973, 330, 355);
INSERT INTO public.cuisine_certification (id, cook_id, cuisine_id) VALUES (974, 330, 356);
INSERT INTO public.cuisine_certification (id, cook_id, cuisine_id) VALUES (975, 331, 357);
INSERT INTO public.cuisine_certification (id, cook_id, cuisine_id) VALUES (976, 331, 355);
INSERT INTO public.cuisine_certification (id, cook_id, cuisine_id) VALUES (977, 332, 357);
INSERT INTO public.cuisine_certification (id, cook_id, cuisine_id) VALUES (978, 332, 355);
INSERT INTO public.cuisine_certification (id, cook_id, cuisine_id) VALUES (979, 332, 356);
INSERT INTO public.cuisine_certification (id, cook_id, cuisine_id) VALUES (980, 333, 355);
INSERT INTO public.cuisine_certification (id, cook_id, cuisine_id) VALUES (981, 333, 357);
INSERT INTO public.cuisine_certification (id, cook_id, cuisine_id) VALUES (982, 334, 356);
INSERT INTO public.cuisine_certification (id, cook_id, cuisine_id) VALUES (983, 335, 356);
INSERT INTO public.cuisine_certification (id, cook_id, cuisine_id) VALUES (984, 336, 356);
INSERT INTO public.cuisine_certification (id, cook_id, cuisine_id) VALUES (985, 337, 356);
INSERT INTO public.cuisine_certification (id, cook_id, cuisine_id) VALUES (986, 338, 357);
INSERT INTO public.cuisine_certification (id, cook_id, cuisine_id) VALUES (987, 339, 356);
INSERT INTO public.cuisine_certification (id, cook_id, cuisine_id) VALUES (988, 340, 356);
INSERT INTO public.cuisine_certification (id, cook_id, cuisine_id) VALUES (989, 341, 357);
INSERT INTO public.cuisine_certification (id, cook_id, cuisine_id) VALUES (990, 342, 356);
INSERT INTO public.cuisine_certification (id, cook_id, cuisine_id) VALUES (991, 343, 357);
INSERT INTO public.cuisine_certification (id, cook_id, cuisine_id) VALUES (992, 343, 355);
INSERT INTO public.cuisine_certification (id, cook_id, cuisine_id) VALUES (993, 344, 357);
INSERT INTO public.cuisine_certification (id, cook_id, cuisine_id) VALUES (994, 345, 355);
INSERT INTO public.cuisine_certification (id, cook_id, cuisine_id) VALUES (995, 346, 356);
INSERT INTO public.cuisine_certification (id, cook_id, cuisine_id) VALUES (996, 347, 355);
INSERT INTO public.cuisine_certification (id, cook_id, cuisine_id) VALUES (997, 347, 356);
INSERT INTO public.cuisine_certification (id, cook_id, cuisine_id) VALUES (998, 348, 355);
INSERT INTO public.cuisine_certification (id, cook_id, cuisine_id) VALUES (999, 348, 356);
INSERT INTO public.cuisine_certification (id, cook_id, cuisine_id) VALUES (1000, 349, 355);
INSERT INTO public.cuisine_certification (id, cook_id, cuisine_id) VALUES (1001, 350, 356);
INSERT INTO public.cuisine_certification (id, cook_id, cuisine_id) VALUES (1002, 351, 355);
INSERT INTO public.cuisine_certification (id, cook_id, cuisine_id) VALUES (1003, 351, 356);
INSERT INTO public.cuisine_certification (id, cook_id, cuisine_id) VALUES (1004, 352, 356);
INSERT INTO public.cuisine_certification (id, cook_id, cuisine_id) VALUES (1005, 353, 355);
INSERT INTO public.cuisine_certification (id, cook_id, cuisine_id) VALUES (1006, 353, 357);
INSERT INTO public.cuisine_certification (id, cook_id, cuisine_id) VALUES (1007, 354, 356);
INSERT INTO public.cuisine_certification (id, cook_id, cuisine_id) VALUES (1008, 354, 355);


--
-- Name: hibernate_sequence; Type: SEQUENCE SET; Schema: public; Owner: restnetwork
--

SELECT pg_catalog.setval('public.hibernate_sequence', 1008, true);


--
-- PostgreSQL database dump complete
--

